date,h,actual,naive,AR,ARX,Lasso,Combo,ARX_oracle
2012-01-31,1,2.5,2.6,2.5122263274430745,2.5106967170313226,2.557635561318528,2.5268528685976417,2.666347495998039
2012-02-29,1,2.6,2.5,2.419140317495711,2.4591979593819278,2.466026902428344,2.4481217264353274,2.5837132457647423
2012-03-31,1,2.4,2.6,2.5847560649955925,2.608263826369434,2.5727455396313053,2.5885884769987775,2.5229122201109497
2012-04-30,1,2.3,2.4,2.2920838748486414,2.294974137334601,2.311205685309981,2.299421232497741,2.1221346087797577
2012-05-31,1,2.3,2.3,2.233993881129958,2.0868967530502442,2.0917724030820404,2.1375543457540807,1.9101813610525908
2012-06-30,1,2.2,2.3,2.2694250072097306,2.0625023095941932,2.034747792384576,2.1222250363961668,2.0719001975978513
2012-07-31,1,2.4,2.2,2.14119869862552,2.022210827821001,2.0166058199924533,2.060005115479658,2.2764641303571578
2012-08-31,1,2.2,2.4,2.4329451762422174,2.4554097319598447,2.3736653334271955,2.420673413876419,2.572644652045069
2012-09-30,1,2.1,2.2,2.1085713687996916,2.248810610749453,2.258041338552098,2.2051411060337474,2.34856772575897
2012-10-31,1,1.6,2.1,2.049341484809087,2.17078276636158,2.191262128835145,2.1371287933352705,2.065979577689216
2012-11-30,1,1.5,1.6,1.4432327349730634,1.4792113068525699,1.6253984521468763,1.5159474979908365,1.5938051775074222
2012-12-31,1,1.4,1.5,1.4886695242803691,1.4644189502346434,1.5065336844973307,1.4865407196707812,1.5527195429535865
2013-01-31,1,1.2,1.4,1.3948337182099844,1.3952978014171935,1.409789036097575,1.3999735185749176,1.4940852868863441
2013-02-28,1,1.1,1.2,1.1723311579714453,1.1986757604646243,1.2973310419753141,1.222779320137128,1.297818443099483
2013-03-31,1,0.8,1.1,1.112496682109375,1.0981622668389854,1.1096454939955454,1.1067681476479685,1.0422344555025425
2013-04-30,1,0.9,0.8,0.7586125521697669,0.6846354006304659,0.690364090285621,0.7112040143619512,0.627415738569568
2013-05-31,1,1,0.9,0.9923290181485416,0.8185470598532845,0.8217107152714487,0.8775289310910915,0.707020239896979
2013-06-30,1,1.2,1,1.0855399401828152,0.9322195067340079,0.9638037295769666,0.9938543921645966,0.8758424131538513
2013-07-31,1,1,1.2,1.3080566702910086,1.1832455977056542,1.1786792564035367,1.2233271748000665,1.2854187557172587
2013-08-31,1,1,1,0.9811557747508458,0.9875001359911659,1.1292118684149062,1.0326225930523059,1.1347761628875292
2013-09-30,1,0.7,1,1.0486191533606357,1.0591346542904727,1.062494422856622,1.0567494101692434,1.130578314247641
2013-10-31,1,0.8,0.7,0.6621738796635794,0.7127278884827648,0.7220333642315215,0.6989783774592886,0.7379493241839653
2013-11-30,1,0.8,0.8,0.8914371452666556,0.8501245440307557,0.8465186600304571,0.8626934497759561,0.8368700152690303
2013-12-31,1,0.8,0.8,0.8564915911715302,0.8361557463291353,0.835821526383994,0.8428229546282198,0.8781745053833183
2014-01-31,1,1.1,0.8,0.8553636978783663,0.8400151993287063,0.8411747758168213,0.8455178910079646,0.8873359917291227
2014-02-28,1,0.8,1.1,1.238878896652732,1.1938617050615148,1.187702419351113,1.20681434035512,1.1247303667437674
2014-03-31,1,0.8,0.8,0.7581004243123425,0.7590634533115842,0.766504741225872,0.7612228729499328,0.7786193056850094
2014-04-30,1,0.8,0.8,0.8529972280459805,0.7933249494934719,0.8293620542421698,0.8252280772605407,0.7247124221959537
2014-05-31,1,0.6,0.8,0.8520115237581363,0.7569959323201382,0.7535991396183171,0.7875355318988638,0.7637565042174338
2014-06-30,1,0.6,0.6,0.5973430100929992,0.524861739917728,0.5289981011565957,0.5504009503891076,0.5615666011027783
2014-07-31,1,0.5,0.6,0.6595854630525897,0.5616781770370173,0.5604451476459651,0.5939029292451907,0.5759355614133403
2014-08-31,1,0.4,0.5,0.5310096926165976,0.44517293218248727,0.4466892187379802,0.474290614512355,0.46154270884925647
2014-09-30,1,0.5,0.4,0.43369899760796893,0.33371848408976246,0.33552287114874624,0.3676467842821592,0.42153603216007246
2014-10-31,1,0.4,0.5,0.5915201009883818,0.49686607319898835,0.5578666658675514,0.5487509466849738,0.5742162723124336
2014-11-30,1,0.1,0.4,0.4309817242748196,0.38062912583032044,0.4683881193183985,0.4266663231411795,0.33759715049531874
2014-12-31,1,-0.4,0.1,0.07719643295064145,-0.010438147572919991,0.08371427087342526,0.05015751875038224,-0.07222978671348954
2015-01-31,1,-0.3,-0.4,-0.4801005684938771,-0.62755477033336,-0.6195684887417167,-0.575741275856318,-0.45443237668718606
2015-02-28,1,0,-0.3,-0.1884106483486151,-0.33614123528823897,-0.30137025125641187,-0.2753073782977553,-0.21394917436838895
2015-03-31,1,0.1,0,0.16767211753232564,0.038713214486602573,0.03196567433828856,0.0794503354524056,0.20584938979548978
2015-04-30,1,0.3,0.1,0.19711621301922744,0.12697385093938504,0.13040430438040113,0.1514981227796712,0.0925244707597963
2015-05-31,1,0.3,0.3,0.4212657908449641,0.2816684692542507,0.3441111932498778,0.3490151511163642,0.2466077696793545
2015-06-30,1,0.2,0.3,0.35562208213815427,0.23141063503847448,0.23662338519720882,0.27455203412461254,0.13588507089392673
2015-07-31,1,0.1,0.2,0.2261734257377474,0.06303120566160333,0.06711090144027149,0.11877184427987407,-0.004308857459647133
2015-08-31,1,0.1,0.1,0.12802724625536022,-0.016778168496963855,0.02732769570527656,0.046192257821224304,-0.00692888047730506
2015-09-30,1,0.2,0.1,0.15830781358607018,0.06314219413159733,0.0599039022443426,0.09378463665400337,0.10147379685727566
2015-10-31,1,0.1,0.2,0.2855786576301343,0.22668854701022184,0.24307942236144311,0.2517822090005998,0.24316474874824665
2015-11-30,1,0.3,0.1,0.12426316409762811,0.08261783493963606,0.16245644719713406,0.12311248207813275,0.0016071317784899456
2015-12-31,1,0.3,0.3,0.4107528099200217,0.27946513859497274,0.26876886829657187,0.31966227227052213,0.0845347078347873
2016-01-31,1,-0.1,0.3,0.3472187545198162,0.19070728648872662,0.2268662004187999,0.25493074714244757,0.13880868623112858
2016-02-29,1,-0.1,-0.1,-0.16454996296983726,-0.24482582219336416,-0.2370846569245207,-0.2154868140292407,-0.04803752392970094
2016-03-31,1,-0.1,-0.1,-0.04274154622239948,-0.06648131864560608,-0.06640373319991877,-0.058542199355974774,0.02289734190703386
2016-04-30,1,0.1,-0.1,-0.04421837469918567,-0.03792812386401015,-0.033813409316164375,-0.0386533026264534,0.11699193638100985
2016-05-31,1,0.3,0.1,0.21056961851009665,0.2237081141478577,0.223874733138378,0.2193841552654441,0.28310404381010346
2016-06-30,1,0.4,0.3,0.40404625004554107,0.39537609937487816,0.39221786541484227,0.39721340494508717,0.4406350340290708
2016-07-31,1,0.4,0.4,0.46931064308731146,0.4458607164054718,0.44665672968940223,0.4539426963940618,0.4286962520599705
2016-08-31,1,0.5,0.4,0.4380712846128647,0.3804936671560751,0.38175391362767697,0.4001062884655389,0.40190319383105483
2016-09-30,1,0.5,0.5,0.5646271756873058,0.478339350888635,0.4765861880451846,0.5065175715403751,0.5841515168359966
2016-10-31,1,0.7,0.5,0.5336475535724946,0.4829642459752346,0.5414727273188628,0.5193615089555307,0.5678965765776853
2016-11-30,1,0.8,0.7,0.7869336005521183,0.6853123953712643,0.6850684282385016,0.7191048080539614,0.8639116508075949
2016-12-31,1,1.6,0.8,0.8524911792024917,0.810467506311845,0.8159112017471866,0.8262899624205078,1.018189413425055
2017-01-31,1,1.4,1.6,1.838955598889108,1.7702405706941178,1.6680625381832954,1.7590862359221737,1.783172063094021
2017-02-28,1,1.4,1.4,1.3415749554709557,1.3990756817984082,1.4836881676566533,1.4081129349753392,1.446264580492283
2017-03-31,1,1.4,1.4,1.3978192191908014,1.3554507482236646,1.4120089977035815,1.3884263217060158,1.3118081775047654
2017-04-30,1,0.9,1.4,1.3978332715469373,1.3085428744701153,1.311046749001867,1.3391409650063064,1.2382342543964218
2017-05-31,1,0.8,0.9,0.7794620097580868,0.7263633090782766,0.7424747958657965,0.7494333715673867,0.7230305638833182
2017-06-30,1,0.8,0.8,0.7957148472595216,0.686693576495678,0.7271175993631409,0.7365086743727801,0.5795950690260623
2017-07-31,1,1,0.8,0.8234793500682747,0.6838455961050517,0.7118391222659659,0.7397213561464308,0.7380658511101796
2017-08-31,1,1.1,1,1.0709095660797434,0.9900678044115205,0.985701045978678,1.0155594721566472,1.034697657812818
2017-09-30,1,1.2,1.1,1.1385595749499111,1.1206997364820308,1.1322788216109996,1.1305127110143138,1.2423026000388702
2017-10-31,1,1.2,1.2,1.2341798956216212,1.2541064368739243,1.2656938793959007,1.2513267372971488,1.3497883922846712
2017-11-30,1,1.2,1.2,1.2060621689564819,1.2355395015336883,1.2691712495425558,1.2369243066775752,1.334812350367211
2017-12-31,1,1.5,1.2,1.2060227722622647,1.223430090536424,1.2315292937766102,1.2203273855250996,1.4343299839840182
2018-01-31,1,1.3,1.5,1.5768339485777925,1.6078232792433234,1.588505084531102,1.591054104117406,1.6176306138399876
2018-02-28,1,1.7,1.3,1.2469321764546102,1.2714609353796684,1.2827366563016458,1.2670432560453082,1.361401951861031
2018-03-31,1,1.8,1.7,1.7901128571746907,1.7259782136520398,1.69678640161326,1.7376258241466636,1.6205854856057282
2018-04-30,1,2.3,1.8,1.8059565985839798,1.72925443150242,1.727235855000358,1.7541489616955859,1.8056334772545528
2018-05-31,1,2.3,2.3,2.392815736844725,2.3206905206607193,2.2611952356632496,2.324900497722898,2.324922448510883
2018-06-30,1,2.6,2.3,2.25779182548116,2.2431801938227727,2.2672465273194105,2.2560728488744477,2.3583338833100322
2018-07-31,1,2.6,2.6,2.626432737592846,2.5891775813965796,2.5464053916812843,2.58733857022357,2.5415784353574526
2018-08-31,1,2.5,2.6,2.5469465554933954,2.5041092305150476,2.5103906359639487,2.520482140657464,2.580679142953514
2018-09-30,1,2.5,2.5,2.4246809598935215,2.4264656226200128,2.4404464589613077,2.430531013824947,2.4927063068742665
2018-10-31,1,2.2,2.5,2.451974035210211,2.4448824663994895,2.4521136779049733,2.4496567265048914,2.4771357885707825
2018-11-30,1,1.9,2.2,2.0843879177552935,2.079331339389393,2.1465481910199644,2.1034224827215504,2.031855575403696
2018-12-31,1,1.4,1.9,1.7959546677434615,1.7121466093731497,1.7803705640563,1.762823947057637,1.6374849743886202
2019-01-31,1,1.6,1.4,1.259778975823326,1.172445561356659,1.2716424028898263,1.2346223133566037,1.2823746100060966
2019-02-28,1,1.3,1.6,1.6438412488674043,1.5656299971708685,1.5451843435032615,1.5848851965138449,1.6159968213910072
2019-03-31,1,1.5,1.3,1.2259951349156808,1.2698000834906262,1.3313479635624497,1.2757143939895856,1.3805906541747435
2019-04-30,1,1.1,1.5,1.5461374652404514,1.5556189509088945,1.537213866619554,1.5463234275896334,1.5089028187476645
2019-05-31,1,1.4,1.1,1.0143037652958986,1.0562082015801812,1.1261742849591578,1.0655620839450792,1.1556998707848432
2019-06-30,1,1.3,1.4,1.470665181714161,1.426319944338872,1.4023848461241595,1.4331233240590642,1.3586138366210396
2019-07-31,1,1.3,1.3,1.2809728107291172,1.2453133357572896,1.2624688698836364,1.2629183387900145,1.2556424491498432
2019-08-31,1,1.1,1.3,1.3042199861859733,1.2456752396192192,1.2483482996888324,1.266081175164675,1.2242284608366454
2019-09-30,1,0.9,1.1,1.0668759124709284,1.0359409658983698,1.0874020501831727,1.0634063095174904,1.0606222026364096
2019-10-31,1,1.2,0.9,0.8753879199350911,0.8438078400793889,0.8909577173808911,0.8700511591317904,0.9147202324422793
2019-11-30,1,1.6,1.2,1.2778517160440073,1.2138051345547052,1.2176361705781904,1.2364310070589677,1.209609057122885
2019-12-31,1,1.7,1.6,1.6851539651147918,1.6220550920554115,1.599588341164283,1.635599132778162,1.6112251508497426
2020-01-31,1,1.6,1.7,1.7090619751574203,1.6904459044990303,1.698557671923939,1.69935518386013,1.5933113830556846
2020-02-29,1,0.8,1.6,1.5662579125507987,1.5060606636073173,1.5333030984797333,1.5352072248792832,1.101277502161219
2020-03-31,1,0.4,0.8,0.6339062181336905,0.4291852309775561,0.5570470071690119,0.5400461520934196,-0.02677581403448558
2020-04-30,1,0.4,0.4,0.34521224353311164,-0.0879335713505754,0.02088572157108251,0.09272146458453959,-0.07133798720569953
2020-05-31,1,0.2,0.4,0.4478553245192506,0.21929000694104903,0.2313406572143829,0.2994953295582275,0.40287589845060523
2020-06-30,1,0.9,0.2,0.2044753196857765,0.23261128625112504,0.29966662743490263,0.24558441112393473,0.5228112211791829
2020-07-31,1,0.2,0.9,1.098058516416347,1.2305438079461177,1.168570163992806,1.1657241627850903,1.0982396208975473
2020-08-31,1,0,0.2,0.11243767555078471,0.2567088020945084,0.35691503593240675,0.24202050452589996,0.26226866317534303
2020-09-30,1,0.1,0,0.021163695756141528,0.04077613647476289,0.10132648699275186,0.054422106407885425,0.07700830344964087
2020-10-31,1,0.2,0.1,0.1792339229402563,0.16864711093748488,0.1691813207571647,0.1723541182116353,0.17954991594223277
2020-11-30,1,0,0.2,0.27449046222716317,0.25521536901860925,0.28022751169696203,0.26997778098091146,0.398647863985776
2020-12-31,1,0.8,0,0.019186136303977856,0.08322414377549076,0.1301276114993108,0.0775126305262598,0.27042215866813346
2021-01-31,1,0.8,0.8,0.9854899875434897,0.9731492804177779,0.911060425484945,0.9565665644820709,1.1130664371679098
2021-02-28,1,1.4,0.8,0.8264421000621769,0.9293970424182888,0.952868454064854,0.9029025321817732,1.1193371864235573
2021-03-31,1,1.6,1.4,1.5100510245927754,1.5445434238305575,1.5068581970229888,1.5204842151487739,1.5579151240748612
2021-04-30,1,1.8,1.6,1.624712667937014,1.6416273121780858,1.6345028705601847,1.6336142835584282,1.6341818814605051
2021-05-31,1,1.9,1.8,1.814854396590841,1.7880273999920244,1.7755796954073282,1.7928204973300645,1.79257528104326
2021-06-30,1,1.5,1.9,1.8904885396111395,1.8599324719748025,1.85693663306809,1.8691192148846774,2.0409139533325016
2021-07-31,1,2.4,1.5,1.4142152414719942,1.5085373156269353,1.5603196644253388,1.494357407174756,1.657011047429579
2021-08-31,1,2.7,2.4,2.4984647026689664,2.4241897590511856,2.3918579814945704,2.4381708144049075,2.525064686258451
2021-09-30,1,3.2,2.7,2.685342911575185,2.7054982375226646,2.6968360695551823,2.6958924062176775,2.9512969889756655
2021-10-31,1,3.4,3.2,3.2052533402827375,3.29083368395066,3.2429279700566007,3.246338331429999,3.4864842050012
2021-11-30,1,3.4,3.4,3.344153201724477,3.495428228795061,3.485727543588271,3.4417696580359363,3.543657126641922
2021-12-31,1,3.3,3.4,3.307481264845676,3.4042810258923324,3.3869959218224657,3.366252737520158,3.395319535221015
2022-01-31,1,4.2,3.3,3.1931962900314943,3.21930443977241,3.2107262092214093,3.207742313008438,3.3771957179730236
2022-02-28,1,5.1,4.2,4.260167647044277,4.203871160252698,4.098408032748428,4.187482280015134,4.5889010326746655
2022-03-31,1,5.4,5.1,5.190377719861582,5.3216878956664155,5.181878555225706,5.231314723584568,5.368548516300149
2022-04-30,1,5.8,5.4,5.368231010720615,5.519418050127864,5.400852322808387,5.4295004612189555,5.554652261353685
2022-05-31,1,6.5,5.8,5.811439648161066,5.876327656980772,5.742687291516305,5.810151532219381,5.73680745022242
2022-06-30,1,6.8,6.5,6.623884387419654,6.562611924394911,6.482470097078177,6.556322136297581,6.406407472598176
2022-07-31,1,6.6,6.8,6.849291509042246,6.771856142959074,6.745245347046816,6.788797666349378,6.530423072469668
2022-08-31,1,6.2,6.6,6.515007358224453,6.409185643260295,6.3217586991240005,6.41531723353625,6.330625878506228
2022-09-30,1,7.1,6.2,6.043986135804246,5.974299201665784,5.960155464748166,5.992813600739399,6.24617444980344
2022-10-31,1,7.1,7.1,7.294161383611308,7.245062750813355,7.083218829841126,7.207480988088596,7.236586095139651
2022-11-30,1,6.7,7.1,7.102166819371765,7.203595829569606,7.145688025742194,7.1504835582278545,6.80769074752975
2022-12-31,1,7,6.7,6.5923839881112265,6.5256472009871525,6.558476418675858,6.558835869258079,6.1349525057125
2023-01-31,1,7.3,7,7.056485145202888,6.795964827029971,6.763631574713528,6.872027182315462,6.740236958845653
2023-02-28,1,6.7,7.3,7.372092381452801,7.256433723063252,7.2082933838196865,7.278939829445247,7.307922552929647
2023-03-31,1,6.9,6.7,6.5638744538066085,6.6467283676824636,6.66855429895905,6.62638570681604,6.630770652034338
2023-04-30,1,6,6.9,6.9302508196099515,6.875619711532723,6.840322514265824,6.882064348469499,6.610558041533432
2023-05-31,1,5.3,6,5.8001133020975715,5.768780520956711,5.775050758671792,5.781314860575359,5.661771566548583
2023-06-30,1,5.1,5.3,5.1087778182106565,5.032394230640363,5.046199876491735,5.062457308447585,4.876522387784227
2023-07-31,1,5.7,5.1,5.011678323523817,4.830933359396739,4.806593245743545,4.883068309554701,5.108276756552399
2023-08-31,1,5.7,5.7,5.774430855373225,5.704476679544185,5.6394166117538935,5.706108048890434,5.8251048033349315
2023-09-30,1,4.5,5.7,5.658144500042694,5.716696648081941,5.683422741174226,5.68608796309962,5.980968471371874
2023-10-31,1,3.9,4.5,4.2150846875056835,4.46993680618679,4.580142369807077,4.421721287833184,4.4187200161548725
2023-11-30,1,4.1,3.9,3.7305954419316016,3.758877019995712,3.8291693296274225,3.772880597184912,3.641900411916412
2023-12-31,1,3.4,4.1,4.098471868148777,3.970983211207343,3.934344367066326,4.0012664821408155,3.8712864124050905
2012-01-31,3,2.4,2.6,2.30156250748705,2.1996547218393685,2.289595791092867,2.2636043401397616,2.373930352184748
2012-02-29,3,2.3,2.5,2.228324957165662,2.4203850420682556,2.42941486688764,2.3593749553738523,1.817279434779405
2012-03-31,3,2.3,2.6,2.465160984509913,2.5907436279726483,2.5858857022745845,2.547263438252382,1.6138607281873951
2012-04-30,3,2.2,2.4,2.0799975547795375,2.187067100688537,2.1598754302349965,2.1423133619010235,1.7731161888273739
2012-05-31,3,2.4,2.3,2.0906020834684185,1.7515458043867171,1.701674567468509,1.847940818441215,2.416830715929913
2012-06-30,3,2.2,2.3,2.1693715979778734,1.5798210834213513,1.5113662130240328,1.7535196314744192,2.661143368907259
2012-07-31,3,2.1,2.2,2.018739428610842,1.68904542886894,1.6858949707537485,1.7978932760778434,2.532283015845513
2012-08-31,3,1.6,2.4,2.4070084441812747,2.4661943490734473,2.4314868002714127,2.434896531175378,2.2568504990866605
2012-09-30,3,1.5,2.2,1.9429793805422744,2.4568673770856,2.461123350097394,2.2869900359084228,2.035931294390659
2012-10-31,3,1.4,2.1,1.9522911092612194,2.4589569265072364,2.4712495953328917,2.2941658770337825,2.1040126973353797
2012-11-30,3,1.2,1.6,1.2738169564427764,1.6310942262060402,1.6409167165464038,1.5152759663984068,1.7817231250446177
2012-12-31,3,1.1,1.5,1.5119097044952137,1.5916083330401989,1.6150093985144947,1.5728424786833024,1.7472110965500443
2013-01-31,3,0.8,1.4,1.4355065508010165,1.4896357616462421,1.5415428246434055,1.4888950456968881,1.1817704298401475
2013-02-28,3,0.9,1.2,1.2118427136334962,1.3529908424917905,1.3792520362835197,1.3146951974696022,0.6665468807941267
2013-03-31,3,1,1.1,1.2156894307156092,1.1981946853456458,1.2034093866433606,1.2057645009015385,0.5286523371699973
2013-04-30,3,1.2,0.8,0.8288355534183679,0.6778377479336084,0.9847451799676024,0.8304728271065263,0.492172759113005
2013-05-31,3,1,0.9,1.2215870542054328,0.7129996953590891,0.7083890981079983,0.8809919492241735,1.1758747635280513
2013-06-30,3,1,1,1.2900823175126357,0.7703591156562277,0.7625519670020625,0.9409978000569753,1.379431688414769
2013-07-31,3,0.7,1.2,1.5204987355133655,0.9799180561008021,0.9668451773941409,1.1557539896694362,1.5348923953913283
2013-08-31,3,0.8,1,1.0494639722954817,1.0250658711585325,1.0485470831605936,1.0410256422048694,1.0662547039851962
2013-09-30,3,0.8,1,1.205373552792649,1.2132797592171292,1.2163080850140724,1.2116537990079501,1.031008356421998
2013-10-31,3,0.8,0.7,0.7390819813366882,0.9536588761170517,0.9619933002097372,0.8849113858878257,0.960732189974875
2013-11-30,3,1.1,0.8,1.1202462336613697,1.019469185972747,1.0168780939387674,1.052197837857628,1.0420813225610437
2013-12-31,3,0.8,0.8,1.0345469262751532,1.000311682247509,1.000308302372056,1.0117223036315728,0.8980207269982432
2014-01-31,3,0.8,0.8,1.0359917974479955,0.9874307614854774,0.9883417457838105,1.0039214349057612,0.6462027978971688
2014-02-28,3,0.8,1.1,1.4898061411903,1.3456128415159347,1.3282874806061984,1.3879021544374777,0.7138322261747334
2014-03-31,3,0.6,0.8,0.797646812750892,0.825991201089738,0.8425799551414254,0.8220726563273518,0.5776017697773348
2014-04-30,3,0.6,0.8,1.0264696163179292,0.878268996665813,0.8771057119289076,0.92728144163755,0.5746507676490699
2014-05-31,3,0.5,0.8,1.0142643527235227,0.743802026322371,0.7417176900450149,0.8332613563636362,0.6687179451260956
2014-06-30,3,0.4,0.6,0.7103666026936326,0.5082123920437165,0.5180345886778017,0.578871194471717,0.5211213478562193
2014-07-31,3,0.5,0.6,0.8531064412024952,0.5562628164649847,0.5528808159911747,0.6540833578862182,0.7428502586515933
2014-08-31,3,0.4,0.5,0.6921932519345264,0.4211154256644124,0.42257543293991867,0.5119613701796192,0.8474022602303378
2014-09-30,3,0.1,0.4,0.6094324945089876,0.28173520256225926,0.28316974027570707,0.39144581244898463,0.4315733234713241
2014-10-31,3,-0.4,0.5,0.8282079878147817,0.4846989709892434,0.48272754018395764,0.5985448329959943,0.29265732223029317
2014-11-30,3,-0.3,0.4,0.5947874444696946,0.4055989810145804,0.41293819735674386,0.47110820761367295,0.34375956075717845
2014-12-31,3,0,0.1,0.19986814793109942,0.008981713277093933,0.01365736574022286,0.07416907564947207,0.39078447166285957
2015-01-31,3,0.1,-0.4,-0.36821997906034437,-0.6901495398228902,-0.6818313938157912,-0.5800669708996753,0.08438675183593845
2015-02-28,3,0.3,-0.3,0.12161642983339438,-0.4154108850196946,-0.4189375305340886,-0.23757732857346295,-0.30646602687449803
2015-03-31,3,0.3,0,0.5040891368669523,-0.11043693708844905,-0.11806076162602608,0.0918638127174924,-0.13048381405816858
2015-04-30,3,0.2,0.1,0.4516104879532431,0.011861309367844908,0.013676259065885321,0.1590493521289911,-0.306399721778804
2015-05-31,3,0.1,0.3,0.6880680450384989,0.07686233634912841,0.12461523002886643,0.29651520380549795,-0.19204406334259055
2015-06-30,3,0.1,0.3,0.5372841969614145,0.021199618666948805,0.032763879462943346,0.19708256503043556,-0.019754319755704786
2015-07-31,3,0.2,0.2,0.38043263657832915,-0.2256066229906509,-0.22208175079117723,-0.022418579067832994,0.14995507176437964
2015-08-31,3,0.1,0.1,0.2873733883766517,-0.16086780279446966,-0.1594097749789861,-0.010968063132268011,0.20955816833590277
2015-09-30,3,0.3,0.1,0.3465611572647126,0.061230818324968725,0.0585916411800983,0.15546120558992654,-0.10977516343375993
2015-10-31,3,0.3,0.2,0.4926495271179212,0.33811546907175155,0.33416268632546015,0.3883092275050443,-0.23063772857103615
2015-11-30,3,-0.1,0.1,0.26966411325860956,0.08210191658444199,0.09560218630626305,0.1491227387164382,-0.3474872709482633
2015-12-31,3,-0.1,0.3,0.6377912694681593,0.2237913552627851,0.21631936578628835,0.35930066350574424,0.2204158483141724
2016-01-31,3,-0.1,0.3,0.49602017227932044,0.051714316075022956,0.047976507353010844,0.1985703319024514,0.2822200130273677
2016-02-29,3,0.1,-0.1,-0.11317705380196535,-0.25623838297084944,-0.24952748758259427,-0.20631430811846968,0.27713482576875775
2016-03-31,3,0.3,-0.1,0.14370834412146571,0.03584687724117942,0.03614623192149807,0.07190048442804774,0.2848503154279365
2016-04-30,3,0.4,-0.1,0.13095133883265925,0.02911686248373603,0.035849468704057974,0.06530589000681775,0.2394272942736473
2016-05-31,3,0.4,0.1,0.43336658650793036,0.28318538786034797,0.2835955251389859,0.33338249983575474,0.14352534797995614
2016-06-30,3,0.5,0.3,0.6027605860231029,0.44389068102362644,0.44334836999597144,0.49666654568090024,0.2716198317369624
2016-07-31,3,0.5,0.4,0.6248644914648958,0.4596405803624394,0.4605117567210503,0.5150056095161285,0.6216695346134065
2016-08-31,3,0.7,0.4,0.5580103549501079,0.3386805089973751,0.33981580600902145,0.4121688899855015,0.7455836798227858
2016-09-30,3,0.8,0.5,0.70434631200967,0.3974300319311057,0.39577024608388145,0.4991821966748857,1.057457744843386
2016-10-31,3,1.6,0.5,0.636918609079955,0.3722512366695271,0.37680073336111275,0.46199019303686495,1.257896979711242
2016-11-30,3,1.4,0.7,0.9349933190433101,0.5125757869859767,0.5120688502300649,0.6532126520864505,1.3327441635563224
2016-12-31,3,1.4,0.8,0.9531416243344526,0.5970255417327168,0.6024380870514037,0.7175350843728577,1.099032187258667
2017-01-31,3,1.4,1.6,2.081142741246133,1.6634332345453655,1.6447860707929705,1.7964540155281563,1.342378618433446
2017-02-28,3,0.9,1.4,1.2578579065341495,1.2524155901217338,1.2658694830713375,1.2587143265757403,0.9468571518881429
2017-03-31,3,0.8,1.4,1.3950298765220583,1.302497888452799,1.3189423725239147,1.3388233791662574,0.8001268405923283
2017-04-30,3,0.8,1.4,1.3903129403747654,1.120949175272356,1.122049588866978,1.2111039015046998,0.6852569040668138
2017-05-31,3,1,0.9,0.6641317473785965,0.5725978610758569,0.5844736628707825,0.607067757108412,0.6434917218817054
2017-06-30,3,1.1,0.8,0.8319905630861197,0.6262453697301592,0.6259362300487545,0.6947240542883445,0.8106892448552158
2017-07-31,3,1.2,0.8,0.8913717642416535,0.5683011939927524,0.5609363405647729,0.6735364329330596,1.1593736561290973
2017-08-31,3,1.2,1,1.1804986800130317,0.9739466102005437,0.9437549346620863,1.0327334082918873,1.3711997388632065
2017-09-30,3,1.2,1.1,1.2019912558329846,1.0967415653865629,1.0960710385628722,1.1316012865941398,1.4403135997502257
2017-10-31,3,1.5,1.2,1.2856456598477055,1.2864165000738352,1.287704223867151,1.2865887945962307,1.7950581052213581
2017-11-30,3,1.3,1.2,1.2239830699013,1.1917080317633602,1.2000595864560715,1.2052502293735772,1.6261863011341584
2017-12-31,3,1.7,1.2,1.2239516399815682,1.19029986179259,1.1949090899131845,1.2030535305624475,1.4311665452755493
2018-01-31,3,1.8,1.5,1.6548914837557738,1.7399777280492177,1.7375185397390607,1.7107959171813507,1.2947222720398144
2018-02-28,3,2.3,1.3,1.1829934059571419,1.3095384515053592,1.3304066801804844,1.2743128458809951,1.3292609387441234
2018-03-31,3,2.3,1.7,1.8825928616223973,1.7427054734968803,1.7328678180583692,1.7860553843925489,1.8286501515146325
2018-04-30,3,2.6,1.8,1.778668777979545,1.510744354580841,1.5091667241473354,1.5995266189025739,2.0729207830290446
2018-05-31,3,2.6,2.3,2.43100258434364,2.009380006931461,1.999495243070224,2.146625944781775,2.257450929052329
2018-06-30,3,2.5,2.3,2.130510931058792,1.8718517446232963,1.8772752708052935,1.9598793154957939,2.324842649826846
2018-07-31,3,2.5,2.6,2.567990896578773,2.336117314539425,2.293246142781789,2.3991181179666623,2.5997501743413856
2018-08-31,3,2.2,2.6,2.3817435631669186,2.2102216671966906,2.213127893829781,2.26836437473113,2.652436183245215
2018-09-30,3,1.9,2.5,2.24153336046392,2.1878727625932832,2.193961875378899,2.207789332812034,2.190602704849154
2018-10-31,3,1.4,2.5,2.3036853848221757,2.1740782477803227,2.179090064817763,2.2189512324734206,1.8155977523306503
2018-11-30,3,1.6,2.2,1.8685341156389446,1.863120683850311,1.8738390341423161,1.8684979445438572,1.686276763335206
2018-12-31,3,1.3,1.9,1.6206135099233459,1.4660188301712915,1.4744433337325114,1.5203585579423828,1.7662391433820375
2019-01-31,3,1.5,1.4,1.0823341505920634,0.9108198907922774,0.9210246963458731,0.971392912576738,1.4784942316037881
2019-02-28,3,1.1,1.6,1.6889584615045001,1.4168430962483431,1.346086101948902,1.4839625532339151,1.5140919178679397
2019-03-31,3,1.4,1.3,1.1221186113073163,1.1259183754254702,1.1358318464137493,1.1279562777155119,1.3856048432008168
2019-04-30,3,1.3,1.5,1.6074388589355557,1.5130542081264524,1.510997878591049,1.5438303152176858,1.3525507429748846
2019-05-31,3,1.3,1.1,0.9056724056524454,0.9165704496835181,0.9289036528686196,0.9170488360681944,1.0094973039042237
2019-06-30,3,1.1,1.4,1.5842516229039116,1.5177526075712078,1.5040458725591634,1.535350034344761,1.1161974724523964
2019-07-31,3,0.9,1.3,1.2548672690392404,1.2134865652862032,1.215323620760227,1.2278924850285569,1.1704887117256904
2019-08-31,3,1.2,1.3,1.318535660486798,1.2780969567597962,1.2758668435002931,1.2908331535822957,1.2773172300876325
2019-09-30,3,1.6,1.1,1.0366454754623657,0.8778972669369762,0.8838359803232738,0.9327929075742053,1.1549592494873657
2019-10-31,3,1.7,0.9,0.8733946559567165,0.7490160627890169,0.7547511142244117,0.792387277656715,1.064563708842838
2019-11-30,3,1.6,1.2,1.4111316990865124,1.1246267877375158,1.1207606893791728,1.218839725401067,1.0543076418929203
2019-12-31,3,0.8,1.6,1.7918625463775646,1.5260645464488054,1.5194072613824121,1.6124447847362606,0.5616268934145768
2020-01-31,3,0.4,1.7,1.6988400145263278,1.5706044231103806,1.5707720204713653,1.6134054860360245,-0.03650141912663747
2020-02-29,3,0.4,1.6,1.5040915092043043,1.3453896724218593,1.3476202752981474,1.3990338189747704,0.24411648931940885
2020-03-31,3,0.2,0.8,0.4757344736564654,0.12744429058749115,0.15548971417379184,0.2528894928059161,0.5348624240131443
2020-04-30,3,0.9,0.4,0.37421423372509,-0.4794438575817898,-0.4820841061505768,-0.19577124333575888,0.8089119462232313
2020-05-31,3,0.2,0.4,0.5865777592601019,-0.14617217089783394,-0.15272058539835112,0.09589500098797228,0.7636733126557778
2020-06-30,3,0,0.2,0.3121142210660891,0.2374254402434639,0.24502270451441324,0.2648541219413221,0.31737657553839776
2020-07-31,3,0.1,0.9,1.3746725210306612,1.3246680586862556,1.3155217415417253,1.3382874404195473,0.938110566650813
2020-08-31,3,0.2,0.2,0.04092227587207531,0.4185594599119745,0.4401208298972359,0.2998675218937619,0.38001555120572
2020-09-30,3,0,0,0.15118175916788684,0.29776777902413815,0.3033137910831881,0.2507544430917377,0.4735345990073812
2020-10-31,3,0.8,0.1,0.3748611384089775,0.4442842574641123,0.4423710828568542,0.42050549290998135,0.6941223658064565
2020-11-30,3,0.8,0.2,0.4565151063889046,0.4303967905597398,0.42813478048259107,0.4383488924770785,1.0441586012855502
2020-12-31,3,1.4,0,0.14717453145965612,0.3021513396671432,0.3303517186794346,0.2598925299354113,0.9879293266036178
2021-01-31,3,1.6,0.8,1.287324691773706,1.2413309517141222,1.2282795167832106,1.2523117200903462,1.3283149738158906
2021-02-28,3,1.8,0.8,0.8979982352141536,1.0142979670211645,1.0302194947136833,0.9808385656496671,1.0439724489681599
2021-03-31,3,1.9,1.4,1.675933096882858,1.6164716372836707,1.594363115639819,1.628922616602116,1.4343536192755726
2021-04-30,3,1.5,1.6,1.6450774565888922,1.5189227332637487,1.5725561003570425,1.5788520967365611,2.0480997104678047
2021-05-31,3,2.4,1.8,1.8067867305433878,1.6070750924177066,1.6062788228230303,1.6733802152613748,2.2258702458496202
2021-06-30,3,2.7,1.9,1.8369581112188582,1.6402655308318037,1.6413424202285372,1.7061886874263996,2.415863586912552
2021-07-31,3,3.2,1.5,1.26711564829662,1.3922154792888208,1.5997058431754148,1.4196789902536184,2.512224436050997
2021-08-31,3,3.4,2.4,2.6457765399628626,2.5254419050931864,2.5012725512580034,2.557496998771351,3.415296394910467
2021-09-30,3,3.4,2.7,2.581377204256307,2.5991391682375107,2.5957828742999842,2.5920997489312674,3.3632177996211987
2021-10-31,3,3.3,3.2,3.0711058699242937,3.228314558751327,3.2228592830119247,3.1740932372291817,3.3678475698534474
2021-11-30,3,4.2,3.4,3.103683749746649,3.38126033115755,3.40612222248346,3.29702210112922,3.7393760597396093
2021-12-31,3,5.1,3.4,3.0150670072942334,3.2423764963395976,3.3116716863576316,3.1897050633304875,4.654970847338366
2022-01-31,3,5.4,3.3,2.8861562898977775,2.903595428938186,2.9107962160518643,2.900182644962609,4.446463558212283
2022-02-28,3,5.8,4.2,4.171216155240192,3.9411157078736627,3.8823697361697564,3.9982338664278703,4.942119407439838
2022-03-31,3,6.5,5.1,4.976058190138241,5.094894720744377,4.929045941330759,4.999999617404459,5.179117372306755
2022-04-30,3,6.8,5.4,5.012395511273127,5.239182534376667,5.145475448478804,5.132351164709532,5.265209510233479
2022-05-31,3,6.6,5.8,5.504126189946868,5.5241554322004935,5.407402819822373,5.4785614806565786,5.148273703434727
2022-06-30,3,6.2,6.5,6.408818886766694,6.017489930482066,6.006094288382682,6.144134368543814,5.895086116749666
2022-07-31,3,7.1,6.8,6.585849399449015,6.205353272564284,6.185541832021763,6.32558150134502,7.206405436777292
2022-08-31,3,7.1,6.6,6.181647439118691,5.819389137961455,5.779869016530271,5.926968531203472,7.263519282707442
2022-09-30,3,6.7,6.2,5.6576572447946845,5.398082256658589,5.415131572921767,5.490290358125013,5.683457367135621
2022-10-31,3,7,7.1,7.302881452260435,7.145780892752931,6.871200419646047,7.106620921553137,5.6381741491396635
2022-11-30,3,7.3,7.1,6.8647923223973795,7.219602228438771,7.223325716149256,7.102573422328469,6.237296615511145
2022-12-31,3,6.7,6.7,6.348749535121369,6.437213465606425,6.457250688489999,6.414404563072598,6.7506418786014235
2023-01-31,3,6.9,7,6.9738467105108235,6.494128222913451,6.400204312932418,6.622726415452231,6.910932774253683
2023-02-28,3,6,7.3,7.291887721846404,6.916582906623152,6.748557109091156,6.985675912520237,6.549272934264994
2023-03-31,3,5.3,6.7,6.286831136757291,6.499683985367552,6.525368932149077,6.4372946847579735,5.863359693033448
2023-04-30,3,5.1,6.9,6.870850305084433,6.774675789626513,6.722364249137195,6.789296781282713,5.7778166080433015
2023-05-31,3,5.7,6,5.38396878428494,5.244978198712513,5.410044092972526,5.34633035865666,6.079540889478501
2023-06-30,3,5.7,5.3,4.752142931095423,4.473184481517452,4.624852244391861,4.616726552334912,5.754058593218657
2023-07-31,3,4.5,5.1,4.772166366179168,4.131397813318158,4.133612369987298,4.345725516494875,6.1385314967391436
2023-08-31,3,3.9,5.7,5.764494274374899,5.54406393633055,5.519342429190453,5.609300213298634,5.525565206998189
2023-09-30,3,4.1,5.7,5.486571931210843,5.55350694288112,5.577301547312144,5.539126807134703,4.991694977203443
2023-10-31,3,3.4,4.5,3.7725320884500806,4.481346042649547,4.75855455312049,4.337477561406706,3.918458114570135
2012-01-31,6,2.2,2.6,1.8738433867340567,1.654017697177156,1.6579418107672066,1.7286009648928065,1.7604699501343521
2012-02-29,6,2.4,2.5,1.8514096886507754,2.132233734033987,2.1350625534715078,2.039568658718757,2.5915859526209077
2012-03-31,6,2.2,2.6,2.1656248231232995,2.3814194795382586,2.383632020674687,2.3102254411120815,2.8082120964857555
2012-04-30,6,2.1,2.4,1.7010824175598205,1.928507827602383,1.9802197265747472,1.8699366572456502,2.6881281807101622
2012-05-31,6,1.6,2.3,1.8162195240294428,1.414307263752303,1.4142900622408767,1.5482722833408742,2.072156210437872
2012-06-30,6,1.5,2.3,1.9599517239411117,1.162396421101956,1.1187343795879245,1.4136941748769973,1.9985789134271472
2012-07-31,6,1.4,2.2,1.800220372107804,1.493381948222296,1.4292165596825803,1.574272960004227,2.147138802167949
2012-08-31,6,1.2,2.4,2.274127394141473,2.3957498546197287,2.388722244829648,2.3528664978636167,2.30787988035211
2012-09-30,6,1.1,2.2,1.6697146513761312,2.4241290449403516,2.44187882309419,2.178574173136891,2.4000140022708893
2012-10-31,6,0.8,2.1,1.7882945575682738,2.353017043890323,2.353945813418019,2.165085804958872,1.663888265889756
2012-11-30,6,0.9,1.6,1.1063037470934867,1.5393987029562892,1.5461603884863637,1.39728761284538,0.8517283287965088
2012-12-31,6,1,1.5,1.627883664010747,1.8178949352771232,1.811774884919331,1.752517828069067,0.5969104845423655
2013-01-31,6,1.2,1.4,1.5987942521056295,1.8386694491703666,1.842312589901066,1.759925430392354,0.7673075444722912
2013-02-28,6,1,1.2,1.4071855489358434,1.7619181753776054,1.7696858106313074,1.6462631783149186,1.5968122638602251
2013-03-31,6,1,1.1,1.5142150914775392,1.4926599808240613,1.4982747542871726,1.5017166088629244,1.7327718293278187
2013-04-30,6,0.7,0.8,1.1554456600369514,0.9283942625397417,0.9468489053636546,1.0102296093134493,1.618299218448241
2013-05-31,6,0.8,0.9,1.7347398777192329,0.9879072564120253,0.9677654200508647,1.2301375180607077,1.2348082434552943
2013-06-30,6,0.8,1,1.7512730164044368,0.9776650499103697,0.9748983212586941,1.234612129191167,1.2089086415196038
2013-07-31,6,0.8,1.2,1.9361308327711528,1.1212182986331936,1.1182215714972963,1.3918569009672142,1.658461852774225
2013-08-31,6,1.1,1,1.317144432056599,1.163222001965495,1.1691716499809337,1.2165126946676759,1.5263355233628315
2013-09-30,6,0.8,1,1.5914126421733903,1.4400695243649695,1.4426862503846483,1.4913894723076693,1.331157889719692
2013-10-31,6,0.8,0.7,1.078753900846493,1.1969941124279595,1.2415836366273685,1.172443883300607,0.6934348483522884
2013-11-30,6,0.8,0.8,1.6530616183393596,1.3075120201271582,1.293397186043976,1.4179902748368312,0.43553767004185123
2013-12-31,6,0.6,0.8,1.4935262233311497,1.3144624440710653,1.3147750317908096,1.3742545663976748,0.5849530070054167
2014-01-31,6,0.6,0.8,1.4735456637591973,1.2822025629775542,1.2885429587173558,1.3480970618180357,0.6259523048544207
2014-02-28,6,0.5,1.1,1.9677939715039765,1.5827044019752963,1.5733719039497571,1.70795675914301,1.0274854064104118
2014-03-31,6,0.4,0.8,1.0480056733073162,0.9982904731121363,1.0049898084689617,1.017095318296138,0.97211968459403
2014-04-30,6,0.5,0.8,1.4527056915321028,1.1515535922962914,1.1504483578297928,1.2515692138860623,1.4402749438820273
2014-05-31,6,0.4,0.8,1.4360453655479726,1.0017571412499007,0.9917529111976021,1.143185139331825,1.8258296302561376
2014-06-30,6,0.1,0.6,1.086220342234439,0.8105105669554414,0.8132419644628722,0.9033242912175842,1.379518225620614
2014-07-31,6,-0.4,0.6,1.338069760151083,0.845796088699077,0.844694813063141,1.009520220637767,1.292236270986579
2014-08-31,6,-0.3,0.5,1.147211992060305,0.6048882575161826,0.6061415518796363,0.7860806004853746,1.1487573736098848
2014-09-30,6,0,0.4,1.0997560638440529,0.38876604879533544,0.38995461402942455,0.6261589088896042,1.3565645620686972
2014-10-31,6,0.1,0.5,1.3760434101994097,0.4801775147440979,0.47858674130739465,0.778269222083634,1.0429910814009355
2014-11-30,6,0.3,0.4,1.0599195462489015,0.31095350232545504,0.319541772796032,0.5634716071234629,0.2757065068019744
2014-12-31,6,0.3,0.1,0.6649412314489527,-0.229184530870001,-0.20852012180920332,0.07574552625658278,-0.1266212639710657
2015-01-31,6,0.2,-0.4,0.168332128589111,-0.8941653388590671,-0.8865922006253947,-0.537475136965117,-0.7550488201340576
2015-02-28,6,0.1,-0.3,0.9403747803467754,-0.2724254864543425,-0.2751600095237192,0.1309297614562379,-0.5460694532425785
2015-03-31,6,0.1,0,1.2936263876476455,0.06592489686253578,0.06140597227613731,0.47365241892877286,-0.11733526854499798
2015-04-30,6,0.2,0.1,1.0415831584382156,0.28139228051881354,0.2831465703215521,0.5353740030928604,0.27967789144809724
2015-05-31,6,0.1,0.3,1.2410835589825553,0.0939711127825405,0.09191873403458473,0.4756578019332268,0.534978105047867
2015-06-30,6,0.3,0.3,0.9799720383403889,-2.4873780492024045e-4,0.0020169101717067983,0.3272467369023918,0.14550584177201573
2015-07-31,6,0.3,0.2,0.813169912299643,-0.36669737244773276,-0.3641501199190929,0.027440806644272436,0.03841842348589254
2015-08-31,6,-0.1,0.1,0.7436207299907174,-0.3336630347584151,-0.334094759809647,0.025287645140885107,-0.1840865221778471
2015-09-30,6,-0.1,0.1,0.8333701688900801,0.02858701079961329,0.02636041815978185,0.2961058659498251,0.14381007177119182
2015-10-31,6,-0.1,0.2,0.9800669438968712,0.35913458771431844,0.3558931004552629,0.5650315440221508,-0.015514275287523353
2015-11-30,6,0.1,0.1,0.6673676377861101,0.12247397882137107,0.13600312944127513,0.3086149153495854,0.38625454942776594
2015-12-31,6,0.3,0.3,1.1041703653901798,0.05915441364406654,0.05311530693819444,0.40548002865748023,0.6844621289740025
2016-01-31,6,0.4,0.3,0.8621678651382629,-0.2982207422942864,-0.30220817982138104,0.08724631434086516,0.8095688459212386
2016-02-29,6,0.4,-0.1,0.17254417729276506,-0.38169870597287714,-0.36603783353637176,-0.19173078740549462,0.20954664518792024
2016-03-31,6,0.5,-0.1,0.6172433325812999,0.24641443592664417,0.2463628670150042,0.37000687850764946,0.13208879480484575
2016-04-30,6,0.5,-0.1,0.5916715456658155,0.3893221645963055,0.39596517483946225,0.45898629503386107,0.4253651513181392
2016-05-31,6,0.7,0.1,0.916807936053871,0.641110575905466,0.6413309852669349,0.7330831657420906,0.8358711240832759
2016-06-30,6,0.8,0.3,1.0064546870853768,0.6064780774708383,0.6039310132149935,0.7389545925904029,1.2024110433577357
2016-07-31,6,1.6,0.4,0.9415726974799385,0.42492193863633887,0.4258097486783523,0.5974347949315433,1.6511831653729603
2016-08-31,6,1.4,0.4,0.8344862514990257,0.21460465636534143,0.21569401773749508,0.4215949752006207,1.4100445144418026
2016-09-30,6,1.4,0.5,0.9996417624254298,0.24059636056918135,0.2386069962240388,0.4929483730728833,1.1755184242050607
2016-10-31,6,1.4,0.5,0.8870670169941379,0.28772274658112956,0.2917913920656473,0.4888603852136383,0.4978239384221257
2016-11-30,6,0.9,0.7,1.2158855372126478,0.35134947515682224,0.35069343610186565,0.6393094828237785,0.27890624288875915
2016-12-31,6,0.8,0.8,1.1570038068296618,0.46446303517708537,0.48186514846381623,0.7011106634901878,0.12921938447571435
2017-01-31,6,0.8,1.6,2.384537770557673,1.3909126607831064,1.3711444580842134,1.715531629808331,0.36600298446211804
2017-02-28,6,1,1.4,1.1643025941585994,0.9359395686866163,0.9986459967409361,1.0329627198620506,0.7711306392349899
2017-03-31,6,1.1,1.4,1.3905832941264487,0.9025830445276755,0.9056777636459711,1.066281367433365,1.0257375212546473
2017-04-30,6,1.2,1.4,1.3941422778580326,0.7116060918263151,0.7118712787124042,0.9392065494655839,1.6527252597994933
2017-05-31,6,1.2,0.9,0.5631385887076747,0.2736333242124631,0.2852461348370746,0.37400601591907084,1.4037261332401139
2017-06-30,6,1.2,0.8,0.9526687078753491,0.4490480384453985,0.4486570143397529,0.6167912535535002,1.3778310480806697
2017-07-31,6,1.5,0.8,1.0515641590966747,0.3993354443168485,0.3967101037135823,0.6158699023757018,1.7848779724469812
2017-08-31,6,1.3,1,1.3600055593921807,0.84795450909252,0.842611995157062,1.0168573545472541,1.7413888241619466
2017-09-30,6,1.7,1.1,1.3123045190451874,0.9865274980823369,0.9863528699222021,1.0950616290165756,1.5046595661220235
2017-10-31,6,1.8,1.2,1.3656283453854192,1.2059284059526068,1.2113417648837244,1.2609661720739167,0.9365344527447832
2017-11-30,6,2.3,1.2,1.2692901450828515,1.0949863797967823,1.0991019731547422,1.154459499344792,1.1439206095287824
2017-12-31,6,2.3,1.2,1.271078653293891,1.0750256537772847,1.0787245267514547,1.14160961127421,1.4758504539983297
2018-01-31,6,2.6,1.5,1.7300497049752028,1.7010980387817936,1.6987839564651166,1.709977233407371,2.0296086459282803
2018-02-28,6,2.6,1.3,1.132598886267131,1.173073066187516,1.1816943240151958,1.1624554254899475,1.615442413039372
2018-03-31,6,2.5,1.7,1.9389009404883346,1.5028708723873234,1.4955952512479616,1.6457890213745399,1.8363176225630602
2018-04-30,6,2.5,1.8,1.7013833780316032,1.1216077905312385,1.1200643027237667,1.3143518237622027,1.8857490468724107
2018-05-31,6,2.2,2.3,2.3704328558003303,1.576304844727051,1.5663127551933491,1.8376834852402435,2.5096439155227195
2018-06-30,6,1.9,2.3,1.88210224606543,1.3295203453517075,1.3334917475225958,1.515038112979911,2.092064516039504
2018-07-31,6,1.4,2.6,2.3502215254821675,1.6667170184817253,1.6629270623362373,1.8932885354333766,1.6617069073299038
2018-08-31,6,1.6,2.6,2.055532581856549,1.4480661267647832,1.4500513850339634,1.6512166978850986,1.5563075314003918
2018-09-30,6,1.3,2.5,1.905096311212053,1.5553437503785197,1.5600413106941475,1.6734937907615735,1.8828395241843243
2018-10-31,6,1.5,2.5,2.0114837084691026,1.5771142945308352,1.5882042742281401,1.725600759076026,2.040475352911665
2018-11-30,6,1.1,2.2,1.5484866807122812,1.2872740744237487,1.3421877413120238,1.3926494988160179,1.7237174694338984
2018-12-31,6,1.4,1.9,1.3877151227878781,0.8494773461196632,0.8561027228232019,1.031098397243581,1.9099409135912877
2019-01-31,6,1.3,1.4,0.9243451224450427,0.44271661919792943,0.4572906026911335,0.6081174481113686,1.3633291748735883
2019-02-28,6,1.3,1.6,1.7145014359522857,1.156562150733207,1.1518415775029254,1.340968388062806,1.5579990947998623
2019-03-31,6,1.1,1.3,1.0601158538068454,1.039409719167971,1.0486903757015564,1.0494053162254575,0.93387565804184125
2019-04-30,6,0.9,1.5,1.657233109946805,1.4297287859567709,1.427206617347948,1.504722837750508,1.304890470613408
2019-05-31,6,1.2,1.1,0.8481177894790464,0.8291855963044018,0.841344057553516,0.839549147778988,1.059834266297262
2019-06-30,6,1.6,1.4,1.7054971655381028,1.4035757441158982,1.3980039638405162,1.5023589578315057,1.312099655916009
2019-07-31,6,1.7,1.3,1.2565157551225845,1.0266477269808734,1.0284871648229594,1.1038835489754724,1.3876603062787063
2019-08-31,6,1.6,1.3,1.352901283014049,1.0591830008535597,1.0571496049824778,1.1564112962833621,1.1867999623045873
2019-09-30,6,0.8,1.1,1.0536089962176354,0.6882883994725553,0.7026806230517544,0.8148593395806484,0.35684939148714884
2019-10-31,6,0.4,0.9,0.9479137159110014,0.6281545337752091,0.6335295439671277,0.736532597884446,-0.3981565884184001
2019-11-30,6,0.4,1.2,1.5862445298196604,1.0214717887910605,1.017641274505156,1.2084525310386256,-0.2768031835356285
2019-12-31,6,0.2,1.6,1.8879512057667862,1.3284762242465316,1.3220020170848077,1.5128098156993752,0.6439914565181938
2020-01-31,6,0.9,1.7,1.6551517290001758,1.3017954962345397,1.3018965427902511,1.4196145893416556,1.199557786863117
2020-02-29,6,0.2,1.6,1.4141486201119575,0.9568934062507333,0.9655661978647261,1.1122027414091389,1.4297556260597677
2020-03-31,6,0,0.8,0.32860889235562896,-0.4441715623449155,-0.42114995139965616,-0.17890420712964758,0.835250989132186
2020-04-30,6,0.1,0.4,0.49631630931128556,-1.1954673056439398,-1.2010730663497087,-0.633408020894121,0.7976389158710123
2020-05-31,6,0.2,0.4,0.8719567427994908,-0.4725171833769605,-0.47882801931545405,-0.026462819964307938,0.7799914095879884
2020-06-30,6,0,0.2,0.5802839761467912,0.4834004742619367,0.489724701088383,0.517803050499037,0.8357973344257933
2020-07-31,6,0.8,0.9,1.7370834487845732,2.1172776541170424,2.108781923030972,1.9877143419775292,1.3677038842228844
2020-08-31,6,0.8,0.2,0.12683885948942408,1.0794809701890453,1.1489694001612083,0.7850964099465593,1.2925364952202396
2020-09-30,6,1.4,0,0.4611019890401701,0.6878700079364918,0.6929658030748047,0.6139792666838222,1.468588871942576
2020-10-31,6,1.6,0.1,0.7822996798848939,0.7769466457156727,0.7717046543109276,0.7769836599704981,1.1151887682174833
2020-11-30,6,1.8,0.2,0.8258642723272678,0.6931685315217792,0.6922580579859117,0.7370969539449862,0.7815491843578842
2020-12-31,6,1.9,0,0.4360708947467675,0.8284320755718974,0.8371537893115992,0.7005522532100881,0.4707060572772811
2021-01-31,6,1.5,0.8,1.7370950463602148,1.6154557266550866,1.6032553898222615,1.651935387612521,1.6654112518056916
2021-02-28,6,2.4,0.8,1.043235050890323,1.3138436961999616,1.3409403597175436,1.2326730356026094,1.8377381155542483
2021-03-31,6,2.7,1.4,1.8711188537303927,1.6309743909477505,1.6217840486586952,1.707959097778946,2.391063234628051
2021-04-30,6,3.2,1.6,1.6463676991080227,1.32315765581113,1.3238562721856506,1.4311272090349345,3.1143507379652853
2021-05-31,6,3.4,1.8,1.754711185050436,1.3076552546652287,1.3067521514418698,1.4563728637191782,3.4901890087509293
2021-06-30,6,3.4,1.9,1.7209880670676396,1.3195648439099625,1.3198738469487503,1.453475585975451,3.2062536226706597
2021-07-31,6,3.3,1.5,1.1011900206717804,1.2506079635451408,1.262820749800295,1.2048729113390722,2.235999093892552
2021-08-31,6,4.2,2.4,2.6414137493755976,2.1832966536893523,2.166092208702475,2.3302675372558084,2.9414458882479235
2021-09-30,6,5.1,2.7,2.3010605355448455,2.111883660643308,2.1088426072394877,2.1739289344758803,4.2863048155729855
2021-10-31,6,5.4,3.2,2.740773301469203,2.6911199940432953,2.682535102693196,2.7048094660685646,4.670716686256515
2021-11-30,6,5.8,3.4,2.591864017314818,2.7410174719674916,2.7474365802240186,2.6934393565021093,4.395842602428559
2021-12-31,6,6.5,3.4,2.4272105082159228,2.4599920185820423,2.4647215541563483,2.4506413603181043,3.6475523361998676
2022-01-31,6,6.8,3.3,2.307812059792749,2.196161325345131,2.3070312224990808,2.2703348692123204,3.306890958009699
2022-02-28,6,6.6,4.2,3.7061483097218906,3.1969753836398622,3.184513008409603,3.3625455672571185,3.358298029976281
2022-03-31,6,6.2,5.1,4.273519715759476,4.3412255335065515,4.3339697634106065,4.316238337558878,4.190728492145782
2022-04-30,6,7.1,5.4,3.9609978313009284,4.095741995172018,4.099677387247011,4.052139071239986,5.659724117085821
2022-05-31,6,7.1,5.8,4.432541338573988,4.181967770553404,4.174485542439642,4.262998217189011,6.2239454897733495
2022-06-30,6,6.7,6.5,5.348627159634474,4.254613120176212,4.241661757465751,4.614967345758813,4.906142035911921
2022-07-31,6,7,6.8,5.354357157117706,4.531351244294485,4.513111394808694,4.7996065987402945,3.834921962796675
2022-08-31,6,7.3,6.6,4.860464263925621,4.208624763107256,3.8638136719359673,4.310967566322948,4.9189303641165525
2022-09-30,6,6.7,6.2,4.441751664207785,3.8198770959015484,3.8281515490350535,4.029926769714796,6.016432579703501
2022-10-31,6,6.9,7.1,6.737709115502025,6.0779791284617195,6.056303109041461,6.290663784335068,6.222129700186719
2022-11-30,6,6,7.1,5.929383881015232,6.356676992539028,6.356908926867951,6.214323266807404,5.060920317862099
2022-12-31,6,5.3,6.7,5.216410816800184,5.183120285386504,5.192141139948269,5.197224080711653,4.613089970161265
2023-01-31,6,5.1,7,6.319726333751998,5.233783237925755,5.1926793860912595,5.582062985923004,4.674510845279466
2023-02-28,6,5.7,7.3,6.732089046391108,6.078109479875902,6.060515860861354,6.2902381290427885,6.950017075899544
2023-03-31,6,5.7,6.7,5.455725464460041,5.973910094094572,6.002642935710868,5.810759498088494,6.941195029409114
2023-04-30,6,4.5,6.9,6.392071870721145,6.22964293645427,6.222354723114155,6.281356510096523,8.272277922120486
2023-05-31,6,3.9,6,4.517201986708769,4.348507234204728,4.377594710861889,4.414434643925128,5.755408041929894
2023-06-30,6,4.1,5.3,4.1024336748358445,3.6983444471499674,3.8952804652854804,3.8986861957570973,4.399117359108892
2023-07-31,6,3.4,5.1,4.373667172791828,3.3362350646830277,3.336953536363141,3.682285257945999,4.199940503588509
2012-01-31,12,1.4,2.6,1.3326083356114908,1.477182211434674,1.4951280031079472,1.4349728500513708,1.7235594897691413
2012-02-29,12,1.2,2.5,1.3985890446401203,1.4147834292075503,1.4957664120951286,1.4363796286475998,1.8006513445976917
2012-03-31,12,1.1,2.6,1.4790947102478236,1.5263246378315163,1.5609733142912727,1.5221308874568709,1.9620108984619842
2012-04-30,12,0.8,2.4,1.4067023239924923,1.4639305300514165,1.5259860831732117,1.4655396457390402,1.4727032866004044
2012-05-31,12,0.9,2.3,1.5328552339070078,1.4748766243492568,1.5578967863461586,1.5218762148674745,1.1411990131093297
2012-06-30,12,1,2.3,1.6051637535016343,1.4879528883563002,1.56435884361443,1.5524918284907883,1.1519262664039183
2012-07-31,12,1.2,2.2,1.6035331486692312,1.5524838765230704,1.631123212629483,1.5957134126072616,1.2825837339141242
2012-08-31,12,1,2.4,1.6989923331632624,1.830363398559117,1.7114660578589669,1.7469405965271154,1.8798639446463503
2012-09-30,12,1,2.2,1.5547928910650266,1.9760094492695854,1.659309354177727,1.730037231504113,2.0224525763829164
2012-10-31,12,0.7,2.1,1.6764796891590024,2.1466398875491004,1.7382297843357923,1.853783120347965,2.1541794123646905
2012-11-30,12,0.8,1.6,1.674574534512533,2.173954497231547,1.7680574572236825,1.8721954963225875,1.9267510705902233
2012-12-31,12,0.8,1.5,1.9838368032722085,2.3468737264277886,1.9593521179890685,2.0966875492296886,1.8543742121076032
2013-01-31,12,0.8,1.4,2.034664658018634,2.4083746036679066,2.106243902907613,2.183094388198051,2.138994422656868
2013-02-28,12,1.1,1.2,2.0700598215451618,2.48004410832003,2.4331597060450765,2.327754545303423,2.155219013728863
2013-03-31,12,0.8,1.1,2.1846734458164745,2.5108190676331477,2.120999664010251,2.2721640591532912,2.059183462054561
2013-04-30,12,0.8,0.8,2.203651023668753,2.4080642156422547,2.087299559901999,2.233004933071002,1.7337343911183785
2013-05-31,12,0.8,0.9,2.414642908769239,2.417050197258079,2.264004999696708,2.365232701908009,1.4423109183484426
2013-06-30,12,0.6,1,2.358835528297649,2.401170863759162,2.2122311035175155,2.324079165191442,1.4590057784818287
2013-07-31,12,0.6,1.2,2.3190609244791958,2.425799015830604,2.2167794988073677,2.3205464797057225,1.4906458994063683
2013-08-31,12,0.5,1,2.151855716998931,2.452440603164521,2.15569548974241,2.2533306033019542,1.8245900688135808
2013-09-30,12,0.4,1,2.2822794509384337,2.4502984733079654,2.1671656896191074,2.2999145379551686,1.9901838872900783
2013-10-31,12,0.5,0.7,2.22955765477218,2.3282581845517285,2.1962727560817923,2.2513628651352335,2.4758751288424357
2013-11-30,12,0.4,0.8,2.448070677724137,2.305049427316946,2.3313336419116206,2.361484582317568,2.7458207778519146
2013-12-31,12,0.1,0.8,2.3585227969314744,2.173771264001076,2.248072889505028,2.260122316812526,2.6656870986845127
2014-01-31,12,-0.4,0.8,2.340422461898177,2.1680117450815093,2.174343217775883,2.227592474918523,2.7025549953549217
2014-02-28,12,-0.3,1.1,2.3994124821389455,2.095043520295515,2.130606399654036,2.208354134029499,2.291875492410351
2014-03-31,12,0,0.8,2.0691081958454807,1.7893047578963568,1.9007745556124793,1.9197291697847723,2.3961109966672254
2014-04-30,12,0.1,0.8,2.2745613593285015,1.8563150366835708,1.937652713835823,2.0228430366159653,1.8284359532942214
2014-05-31,12,0.3,0.8,2.2411133565079453,1.7042681560622044,1.842172963454959,1.929184825341703,1.4828251347505912
2014-06-30,12,0.3,0.6,2.1497200074537286,1.642303963701293,1.7326945247209353,1.8415728319586524,1.4140525149108554
2014-07-31,12,0.2,0.6,2.267594205756134,1.6007034017960842,1.747258231679936,1.871851946410718,1.3904366545544278
2014-08-31,12,0.1,0.5,2.2096953533718744,1.5094547837796939,1.5130683038462116,1.7440728136659267,1.8558732989945255
2014-09-30,12,0.1,0.4,2.2160583333128194,1.4418350403595768,1.554567991204407,1.7374871216256011,1.8416513416720202
2014-10-31,12,0.2,0.5,2.2886005695044345,1.3882863854309675,1.467912410771401,1.7149331219022677,1.8805448098486108
2014-11-30,12,0.1,0.4,2.1352245022117886,1.1886178829526037,1.3325059971502644,1.552116127438219,1.8180666861936434
2014-12-31,12,0.3,0.1,2.0543859361942913,0.8734691476555574,0.8860359084704938,1.2712969974401143,1.6756544343620061
2015-01-31,12,0.3,-0.4,2.020835212817317,0.6886896901699262,1.0049090193069958,1.2381446407647463,1.6488704660767803
2015-02-28,12,-0.1,-0.3,2.327177486873667,0.988739333140896,0.9796235640981672,1.4318467947042435,1.2660209758239815
2015-03-31,12,-0.1,0,2.3265388511661165,1.0331091962251178,1.0618503256295866,1.4738327910069402,1.3229734088932943
2015-04-30,12,-0.1,0.1,2.1198466822018425,0.9658943317066819,0.9465384565618882,1.3440931568234709,0.8944936540308196
2015-05-31,12,0.1,0.3,2.08994501113411,0.6562408500068673,0.956927689446762,1.2343711835292464,1.187184364604985
2015-06-30,12,0.3,0.3,1.9296406989077857,0.4884644101719873,1.0234313535693682,1.1471788208830471,1.4030225597545918
2015-07-31,12,0.4,0.2,1.8467272818277314,0.26427995431182666,0.8275137219019888,0.979506986013849,1.5654517849070144
2015-08-31,12,0.4,0.1,1.8221932368844849,0.2173431393228386,0.6669837416579458,0.9021733726217565,1.3045642531243724
2015-09-30,12,0.5,0.1,1.8382104824161711,0.38684425241105624,0.39844685535033064,0.874500530059186,1.2157478346577293
2015-10-31,12,0.5,0.2,1.8365358991642549,0.35974580109763965,0.6072935309938543,0.9345250770852496,1.3980635591227373
2015-11-30,12,0.7,0.1,1.6876658955455386,0.4389034093707168,0.54360264403821,0.8900573163181551,1.684125874664696
2015-12-31,12,0.8,0.3,1.8143344453468628,0.27254776679983994,0.5631717296506205,0.883351313932441,1.8137592457464498
2016-01-31,12,1.6,0.3,1.6534558356825901,-0.06254109376783079,0.44198794594290214,0.6776342292858871,2.2085306021289886
2016-02-29,12,1.4,-0.1,1.3682636337702634,-0.09833449960107205,0.15840346008857797,0.4761108647525898,1.9033356975083315
2016-03-31,12,1.4,-0.1,1.5531449324717246,0.3095942297503501,0.3883555897833102,0.7503649173351283,1.6590427682967501
2016-04-30,12,1.4,-0.1,1.5000448806138067,0.43459974775569266,0.5097214851275182,0.8147887044990059,0.9417717572905109
2016-05-31,12,0.9,0.1,1.5533317093541683,0.41300844084788807,0.48427031888012073,0.8168701563607257,0.5972946570784424
2016-06-30,12,0.8,0.3,1.525785815415026,0.17573788147581376,0.30481396080297585,0.6687792192312718,0.3737478646384091
2016-07-31,12,0.8,0.4,1.4592662488851533,-0.05197356998736476,-0.006168402201776058,0.4670414255653375,0.08919386572826915
2016-08-31,12,1,0.4,1.3915497518989117,-0.18954383249101306,-0.07774076798066654,0.37475505047574403,0.5760297811197816
2016-09-30,12,1.1,0.5,1.4240374881137392,-0.24255892370976417,-0.06420373657799328,0.3724249426086606,0.757432853094756
2016-10-31,12,1.2,0.5,1.3593921152942574,-0.15405821552440255,0.04022304494949003,0.41518564823978166,1.4330177415730145
2016-11-30,12,1.2,0.7,1.451008232252013,-0.08684566967283108,0.2884214358573667,0.5508613328121829,1.5069977424279857
2016-12-31,12,1.2,0.8,1.3998876727772644,0.04820124322182273,0.17295063412584377,0.5403465167083104,1.5840033914664793
2017-01-31,12,1.5,1.6,1.7615104211498,0.12721788983258375,0.36624059182113,0.7516563009345046,2.1746251428558017
2017-02-28,12,1.3,1.4,1.3114795615402663,0.06900493602738811,0.2642071874934264,0.548230561687027,2.0351836460912396
2017-03-31,12,1.7,1.4,1.3989671305661657,0.07121784392184638,0.21370097075184602,0.5612953150799527,1.7046376143272237
2017-04-30,12,1.8,1.4,1.3996913786449314,0.013772052515071853,0.29559489842350795,0.5696861098611704,0.9883982894239527
2017-05-31,12,2.3,0.9,1.15396730864654,0.06650600231011217,0.15104659779603247,0.4571733029175616,1.0419058857421375
2017-06-30,12,2.3,0.8,1.3099208284762374,0.17582993313639053,0.35791241501321824,0.6145543922086154,1.4195482715712215
2017-07-31,12,2.6,0.8,1.3436782436297237,0.25450636927964587,0.3603356909156785,0.652840101275016,1.888938767389223
2017-08-31,12,2.6,1,1.4340013613438947,0.3098990303155276,0.48955103821976076,0.7444838099597277,1.6860977061580402
2017-09-30,12,2.5,1.1,1.3988200933166706,0.3558947786844848,0.5585531485388422,0.7710893401799992,1.6060220900432303
2017-10-31,12,2.5,1.2,1.4052840083285885,0.44276456601955766,0.5019264560220571,0.78332501012340106,1.5647710729140887
2017-11-30,12,2.2,1.2,1.3642647685452514,0.3831059025475211,0.47134796936176593,0.7395728801515128,2.0764056378165803
2017-12-31,12,1.9,1.2,1.362907121834497,0.3618156546026977,0.45322814229540076,0.7259836395775319,1.7738054935530292
2018-01-31,12,1.4,1.5,1.4964136263676096,0.5495866496444046,0.6215106135848086,0.8891702965322743,1.1511171548112664
2018-02-28,12,1.6,1.3,1.2948275113597123,0.4099536068996082,0.546453423885453,0.7504115140482579,0.7452316032712396
2018-03-31,12,1.3,1.7,1.5512816093557849,0.4378134701122676,0.5585188910550271,0.8492046568410265,1.0956508869982766
2018-04-30,12,1.5,1.8,1.4500306377045842,0.31030524052086184,0.4895478939903124,0.7499612574052528,1.2425804568331376
2018-05-31,12,1.1,2.3,1.6193724447032243,0.3921032154548402,0.5217853092420934,0.844420323133386,1.2729730782179463
2018-06-30,12,1.4,2.3,1.459492580600084,0.2523086007875823,0.41352476263729776,0.7084419813416547,1.7838906879190735
2018-07-31,12,1.3,2.6,1.5796926475376099,0.20384374250672352,0.3708797010144772,0.7181386970196035,1.6411006201573588
2018-08-31,12,1.3,2.6,1.4853681298804537,0.20368914737497212,0.39576902038021755,0.6949420992118811,1.7858968127100237
2018-09-30,12,1.1,2.5,1.4473423101654457,0.399022925912273,0.46768981942860366,0.7713516851687741,1.16412802064284
2018-10-31,12,0.9,2.5,1.4873834329713116,0.48425718663918116,0.7764425461415682,0.9160277219173536,1.4649598457174626
2018-11-30,12,1.2,2.2,1.3638321926105452,0.3077349573420675,0.5401007794600994,0.7372226431375707,1.319813768617677
2018-12-31,12,1.6,1.9,1.3494518158456286,0.25739132558153416,0.4501194432805763,0.6856541949025796,1.3543061503448253
2019-01-31,12,1.7,1.4,1.2492272661277366,0.41648564609487715,0.6547373492500069,0.7734834204908736,1.431951596627463
2019-02-28,12,1.6,1.6,1.515904329833604,0.8149346736251601,0.8971052392874255,1.0759814142487298,1.3851186343941926
2019-03-31,12,0.8,1.3,1.320374241445836,0.7842762249601078,0.8792796255772275,0.9946433639943905,0.9616818519393261
2019-04-30,12,0.4,1.5,1.506776115294544,0.8846068763876048,0.9246308665242764,1.105337952735475,0.6022603273057666
2019-05-31,12,0.4,1.1,1.2803263380459446,0.7347681672972195,0.8734085139320692,0.9628343397584112,0.11602215865108888
2019-06-30,12,0.2,1.4,1.5264909203110866,0.7268312270585939,0.7853645437613958,1.0128955637103587,0.36749657893991583
2019-07-31,12,0.9,1.3,1.388592809890695,0.5763641384009304,0.646750488407282,0.8705691455663025,0.5282011025533025
2019-08-31,12,0.2,1.3,1.4201065137550084,0.4807329608884354,0.6776061477528649,0.8594818741321029,1.1067701579459721
2019-09-30,12,0,1.1,1.3433203720898534,0.6234581447882259,0.7846710316491673,0.9171498495090822,1.172104073477587
2019-10-31,12,0.1,0.9,1.3322305159574013,0.6312655569044591,0.8176741910795938,0.9270567546471514,1.37068913674195
2019-11-30,12,0.2,1.2,1.5112852397829721,0.8976241246483508,0.9049726245279883,1.1046273296531037,1.379073052425761
2019-12-31,12,0,1.6,1.560883908327547,0.9441477139192593,1.0551222759277872,1.186717966058198,1.5452176168756249
2020-01-31,12,0.8,1.7,1.4676014707441265,0.8507573271553582,0.8965649298969994,1.071641242598828,1.6419877173499091
2020-02-29,12,0.8,1.6,1.4014087842546663,0.6397990051282082,0.7703901407028984,0.9371993100285909,1.9613733337278143
2020-03-31,12,1.4,0.8,1.1346841749618428,0.28043153346661215,0.46299221281189407,0.626035973746783,2.1640555959816425
2020-04-30,12,1.6,0.4,1.246852718786826,0.1412689519816439,0.2372348045532502,0.5417854917739067,1.7080502153867265
2020-05-31,12,1.8,0.4,1.3639774759811552,0.6728371108342874,0.7112944127590135,0.9160363331914854,1.3214908162767254
2020-06-30,12,1.9,0.2,1.28461063574705,1.1557612858157993,1.120602174655608,1.1869913654061524,1.1240939159694172
2020-07-31,12,1.5,0.9,1.589809627735509,1.6774074674756378,1.5159760189952403,1.5943977047354623,1.9835569959852821
2020-08-31,12,2.4,0.2,1.1205825440097321,1.226734001174612,1.2869684665891628,1.2114283372578356,2.132503959309937
2020-09-30,12,2.7,0,1.2489562006337862,0.9872814211512362,1.034071163462905,1.0901029284159758,2.2621260683913227
2020-10-31,12,3.2,0.1,1.3414085728446035,0.8802163653280222,0.9187407162776353,1.0467885514834203,2.8188211637309224
2020-11-30,12,3.4,0.2,1.3328457807069696,0.7927669460641883,0.8348578226058633,0.986823516459007,3.077911762097352
2020-12-31,12,3.4,0,1.2284525729295932,0.9641121800386796,0.9917776879864513,1.0614474803182414,2.7457246015685484
2021-01-31,12,3.3,0.8,1.5334803156684589,1.1107841941697272,1.0793243826037706,1.2411962974806523,2.080647952630202
2021-02-28,12,4.2,0.8,1.323472004727449,0.9952318661713045,1.0334391409172312,1.1173810039386616,2.130087271135976
2021-03-31,12,5.1,1.4,1.5086533960077029,0.8089346240154348,0.8648449895648476,1.0608110031959952,3.2733178292769165
2021-04-30,12,5.4,1.6,1.4208371433642715,0.7381711690946792,0.8299714323433657,0.9963265816007721,3.4254937026527426
2021-05-31,12,5.8,1.8,1.4338901407831999,0.8871349696130815,0.9027301211443757,1.074585077180219,3.1136962234342223
2021-06-30,12,6.5,1.9,1.4158411437308243,0.8926430223276632,0.9010809565012939,1.0698550408532606,2.3563194003554218
2021-07-31,12,6.8,1.5,1.2796091786194275,0.5949315139185822,0.7776798761347311,0.8840735228909136,2.087774439882478
2021-08-31,12,6.6,2.4,1.579598221322656,0.5362506830205203,0.6610491321188048,0.9256326788206604,1.7803768292246338
2021-09-30,12,6.2,2.7,1.47317770667298,0.5167315548202168,0.7235997794884788,0.9045030136605585,2.090013825815833
2021-10-31,12,7.1,3.2,1.5165837476821027,0.5715248415001675,0.7680228174556936,0.9520438022126546,3.1910480960102467
2021-11-30,12,7.1,3.4,1.4481012241381102,0.468563384489066,0.6722669203501106,0.8629771763257622,3.4457494028093407
2021-12-31,12,6.7,3.4,1.3855915001827979,0.4070635529921631,0.6482208134162544,0.8136252888637384,1.8009077665252173
2022-01-31,12,7,3.3,1.3487215334050173,0.5856028397274631,0.8297181385437313,0.9213475038920705,0.5675788751869791
2022-02-28,12,7.3,4.2,1.606575129463824,0.8613815411353895,1.0661663788969358,1.1780410164987165,1.482577144639845
2022-03-31,12,6.7,5.1,1.6880025724713017,1.0724965756609937,1.1919598465603711,1.3174863315642222,2.8829363873932135
2022-04-30,12,6.9,5.4,1.4626575254846643,1.0621044020475128,1.13722065693091,1.2206608614876957,2.504841563730518
2022-05-31,12,6,5.8,1.5630848166674145,1.1410014880921762,1.2984110588346673,1.3341657878647526,1.4230755744250696
2022-06-30,12,5.3,6.5,1.796695002403629,1.7026797067382553,1.7565355553108124,1.7519700881508988,1.3178298963023942
2022-07-31,12,5.1,6.8,1.6060421348923324,1.271712682744689,1.547845129397148,1.475199982344723,0.8647620908342423
2022-08-31,12,5.7,6.6,1.4491048216283309,1.2260522603557844,1.4542398969967814,1.3764656596602989,3.1076504845403803
2022-09-30,12,5.7,6.2,1.446909739492484,1.2909708747052737,1.3704858269577886,1.3694554803851822,3.7680598857270517
2022-10-31,12,4.5,7.1,2.7393270765793147,2.7948278661792525,2.156741895503316,2.5636322794206277,5.735114753421482
2022-11-30,12,3.9,7.1,2.3190534948324375,3.164253811552307,2.4652682833782,2.649525196587648,3.6661625858745577
2022-12-31,12,4.1,6.7,2.2284625789159938,2.5523321599579774,2.3166039541302665,2.365799564334746,2.790097407438042
2023-01-31,12,3.4,7,3.1259849163572353,2.4281033053822476,1.8986270124740103,2.4842384114044975,3.1226144535454305
