date,inflation,indice_prix  ,obligations_10y,prix_petrole,usd_eur
2004-01-31,2.2,62.04,4.20,31.28,1.2613
2004-02-29,1.9,61.63,4.14,30.86,1.2646
2004-03-31,1.9,62.33,3.98,33.63,1.2262
2004-04-30,2.4,62.41,4.18,33.59,1.1985
2004-05-31,2.8,63.03,4.34,37.57,1.2007
2004-06-30,2.7,62.91,4.39,35.18,1.2138
2004-07-31,2.6,63.06,4.27,38.22,1.2266
2004-08-31,2.6,64.01,4.11,42.74,1.2176
2004-09-30,2.2,64.34,4.09,43.20,1.2218
2004-10-31,2.3,65.89,3.98,49.78,1.2490
2004-11-30,2.2,66.24,3.86,43.11,1.2991
2004-12-31,2.2,65.74,3.64,39.60,1.3408
2005-01-31,1.6,65.3,3.58,44.51,1.3119
2005-02-28,1.9,65.69,3.60,45.48,1.3014
2005-03-31,2.1,66.85,3.75,53.10,1.3201
2005-04-30,2.0,66.95,3.54,51.88,1.2938
2005-05-31,1.7,66.26,3.38,48.65,1.2694
2005-06-30,1.8,67.26,3.20,54.35,1.2165
2005-07-31,1.8,68.55,3.27,57.52,1.2037
2005-08-31,2.0,69.01,3.30,63.98,1.2292
2005-09-30,2.3,70.56,3.13,62.91,1.2256
2005-10-31,2.0,70.82,3.29,58.54,1.2015
2005-11-30,1.8,70.6,3.50,55.24,1.1786
2005-12-31,1.8,70.16,3.38,56.86,1.1856
2006-01-31,2.2,70.63,3.34,62.99,1.2103
2006-02-28,2.0,70.88,3.51,60.21,1.1938
2006-03-31,1.7,71.11,3.69,62.06,1.2020
2006-04-30,2.0,73.06,3.95,70.26,1.2271
2006-05-31,2.3,73.73,4.00,69.78,1.2770
2006-06-30,2.2,73.51,4.01,68.56,1.2650
2006-07-31,2.2,73.58,4.03,73.67,1.2684
2006-08-31,2.1,74.05,3.90,73.23,1.2811
2006-09-30,1.5,73.71,3.77,61.96,1.2727
2006-10-31,1.2,73.6,3.81,57.81,1.2611
2006-11-30,1.6,73.39,3.74,58.76,1.2881
2006-12-31,1.7,73.35,3.81,62.47,1.3213
2007-01-31,1.4,72.71,4.07,53.68,1.2999
2007-02-28,1.2,72.89,4.10,57.56,1.3074
2007-03-31,1.2,73.09,4.00,62.05,1.3242
2007-04-30,1.3,73.63,4.21,67.49,1.3516
2007-05-31,1.2,73.09,4.34,67.21,1.3511
2007-06-30,1.3,73.29,4.62,71.05,1.3419
2007-07-31,1.2,73.57,4.58,76.93,1.3716
2007-08-31,1.3,73.78,4.39,70.76,1.3622
2007-09-30,1.6,74.35,4.36,77.17,1.3896
2007-10-31,2.1,75.46,4.40,82.34,1.4227
2007-11-30,2.6,77.68,4.23,92.41,1.4684
2007-12-31,2.8,77.82,4.35,90.93,1.4570
2008-01-31,3.2,78.62,4.15,92.18,1.4718
2008-02-29,3.2,78.6,4.08,94.99,1.4748
2008-03-31,3.5,79.66,4.02,103.64,1.5527
2008-04-30,3.4,80.17,4.27,109.07,1.5751
2008-05-31,3.7,82.13,4.41,122.80,1.5557
2008-06-30,4.0,83.56,4.73,132.32,1.5553
2008-07-31,4.0,83.73,4.69,132.72,1.5770
2008-08-31,3.5,82.92,4.40,113.24,1.4975
2008-09-30,3.4,83.22,4.36,97.23,1.4370
2008-10-31,3.0,83.26,4.18,71.58,1.3322
2008-11-30,1.9,81.34,3.98,52.45,1.2732
2008-12-31,1.2,79.28,3.54,39.95,1.3449
2009-01-31,0.8,78.97,3.60,43.44,1.3239
2009-02-28,1.0,78.69,3.68,43.32,1.2785
2009-03-31,0.4,77.35,3.65,46.54,1.3050
2009-04-30,0.1,75.63,3.66,50.18,1.3190
2009-05-31,-0.3,74.36,3.80,57.30,1.3650
2009-06-30,-0.6,75.23,3.90,68.61,1.4016
2009-07-31,-0.8,74.99,3.73,64.44,1.4088
2009-08-31,-0.2,75.85,3.59,72.51,1.4268
2009-09-30,-0.4,75.94,3.59,67.65,1.4562
2009-10-31,-0.2,77.16,3.56,72.77,1.4816
2009-11-30,0.5,77.77,3.56,76.66,1.4914
2009-12-31,1.0,77.82,3.48,74.46,1.4614
2010-01-31,1.2,78.76,3.52,76.17,1.4272
2010-02-28,1.4,78.7,3.50,73.75,1.3686
2010-03-31,1.7,79.35,3.44,78.83,1.3569
2010-04-30,1.9,81.68,3.40,84.82,1.3406
2010-05-31,1.9,80.94,3.08,75.95,1.2565
2010-06-30,1.7,80.74,3.07,74.76,1.2209
2010-07-31,1.9,81.37,2.99,75.58,1.2770
2010-08-31,1.6,81.85,2.68,77.04,1.2894
2010-09-30,1.8,82.59,2.68,77.84,1.3067
2010-10-31,1.8,84.38,2.72,82.67,1.3898
2010-11-30,1.8,84.54,3.00,85.28,1.3661
2010-12-31,2.0,85.49,3.34,91.45,1.3220
2011-01-31,2.0,87.66,3.44,96.52,1.3360
2011-02-28,1.8,88.38,3.60,103.72,1.3649
2011-03-31,2.2,89.55,3.61,114.64,1.3999
2011-04-30,2.2,90.75,3.69,123.26,1.4442
2011-05-31,2.2,89.02,3.49,114.99,1.4349
2011-06-30,2.3,89,3.43,113.83,1.4388
2011-07-31,2.1,89.58,3.40,116.97,1.4264
2011-08-31,2.4,90.09,2.98,110.22,1.4343
2011-09-30,2.4,90.58,2.64,112.83,1.3770
2011-10-31,2.5,91.6,2.99,109.55,1.3706
2011-11-30,2.7,92.39,3.41,110.77,1.3556
2011-12-31,2.7,92.47,3.16,107.87,1.3179
2012-01-31,2.6,94.03,3.18,110.69,1.2905
2012-02-29,2.5,94.9,3.02,119.33,1.3224
2012-03-31,2.6,95.02,2.95,125.45,1.3201
2012-04-30,2.4,94.86,2.99,119.75,1.3162
2012-05-31,2.3,93.52,2.75,110.34,1.2789
2012-06-30,2.3,92.57,2.57,95.16,1.2526
2012-07-31,2.2,93.58,2.28,102.62,1.2288
2012-08-31,2.4,95.54,2.12,113.36,1.2400
2012-09-30,2.2,95.83,2.24,112.86,1.2856
2012-10-31,2.1,97.01,2.19,111.71,1.2974
2012-11-30,1.6,96.95,2.14,109.06,1.2828
2012-12-31,1.5,96.76,2.01,109.49,1.3119
2013-01-31,1.4,98.78,2.17,112.96,1.3288
2013-02-28,1.2,99.19,2.24,116.05,1.3359
2013-03-31,1.1,99.03,2.07,108.47,1.2964
2013-04-30,0.8,98.45,1.80,102.25,1.3026
2013-05-31,0.9,96.87,1.87,102.56,1.2982
2013-06-30,1.0,96.81,2.21,102.92,1.3189
2013-07-31,1.2,97.05,2.25,107.93,1.3080
2013-08-31,1.0,98.98,2.36,111.28,1.3310
2013-09-30,1.0,99.38,2.49,111.60,1.3348
2013-10-31,0.7,100.02,2.39,109.08,1.3635
2013-11-30,0.8,99.97,2.27,107.79,1.3493
2013-12-31,0.8,100.23,2.33,110.76,1.3704
2014-01-31,0.8,101.8,2.38,108.12,1.3610
2014-02-28,1.1,101.88,2.25,108.90,1.3659
2014-03-31,0.8,101.33,2.15,107.48,1.3823
2014-04-30,0.8,101.2,2.03,107.76,1.3813
2014-05-31,0.8,100,1.84,109.54,1.3732
2014-06-30,0.6,99.7,1.71,111.80,1.3592
2014-07-31,0.6,99.69,1.56,106.77,1.3539
2014-08-31,0.5,99.27,1.41,101.61,1.3316
2014-09-30,0.4,99.12,1.35,97.09,1.2901
2014-10-31,0.5,100.65,1.26,87.43,1.2673
2014-11-30,0.4,101.69,1.14,79.44,1.2472
2014-12-31,0.1,100.51,0.92,62.34,1.2331
2015-01-31,-0.4,101,0.67,47.76,1.1621
2015-02-28,-0.3,101.64,0.60,58.10,1.1350
2015-03-31,0.0,101.06,0.51,55.89,1.0838
2015-04-30,0.1,101.09,0.44,59.52,1.0779
2015-05-31,0.3,100.29,0.89,64.08,1.1150
2015-06-30,0.3,99.94,1.20,61.48,1.1213
2015-07-31,0.2,99,1.11,56.56,1.0996
2015-08-31,0.1,99.08,1.01,46.52,1.1139
2015-09-30,0.1,99.36,1.00,47.62,1.1221
2015-10-31,0.2,99.67,0.87,48.43,1.1235
2015-11-30,0.1,99.36,0.88,44.27,1.0736
2015-12-31,0.3,98.51,0.93,38.01,1.0877
2016-01-31,0.3,98.8,0.84,30.70,1.0860
2016-02-29,-0.1,98.13,0.59,32.18,1.1093
2016-03-31,-0.1,97.94,0.51,38.21,1.1100
2016-04-30,-0.1,97.12,0.51,41.58,1.1339
2016-05-31,0.1,97.99,0.51,46.74,1.1311
2016-06-30,0.3,98.64,0.39,48.25,1.1229
2016-07-31,0.4,98.2,0.17,44.95,1.1069
2016-08-31,0.4,97.96,0.15,45.84,1.1212
2016-09-30,0.5,98.42,0.18,46.57,1.1212
2016-10-31,0.5,98.92,0.33,49.52,1.1026
2016-11-30,0.7,99.63,0.67,44.73,1.0799
2016-12-31,0.8,100.64,0.75,53.31,1.0543
2017-01-31,1.6,103.05,0.86,54.58,1.0614
2017-02-28,1.4,102.92,1.03,54.87,1.0643
2017-03-31,1.4,103.28,1.02,51.59,1.0685
2017-04-30,1.4,102.9,0.88,52.31,1.0723
2017-05-31,0.9,101.72,0.81,50.33,1.1058
2017-06-30,0.8,101.32,0.66,46.37,1.1229
2017-07-31,0.8,100.01,0.84,48.48,1.1511
2017-08-31,1.0,100.85,0.71,51.70,1.1807
2017-09-30,1.1,101.24,0.70,56.15,1.1915
2017-10-31,1.2,102.15,0.81,57.51,1.1756
2017-11-30,1.2,102.99,0.72,62.71,1.1738
2017-12-31,1.2,103.59,0.67,64.37,1.1836
2018-01-31,1.5,106.62,0.85,69.08,1.2200
2018-02-28,1.3,106.97,0.98,65.32,1.2348
2018-03-31,1.7,106.21,0.83,66.02,1.2336
2018-04-30,1.8,106.22,0.78,72.11,1.2276
2018-05-31,2.3,107.02,0.79,76.98,1.1812
2018-06-30,2.3,107.7,0.75,74.41,1.1678
2018-07-31,2.6,109.52,0.67,74.25,1.1686
2018-08-31,2.6,109.31,0.70,72.53,1.1549
2018-09-30,2.5,109.94,0.77,78.89,1.1659
2018-10-31,2.5,111.55,0.82,81.03,1.1484
2018-11-30,2.2,113.12,0.76,64.75,1.1367
2018-12-31,1.9,111.97,0.70,57.36,1.1384
2019-01-31,1.4,110.8,0.65,59.41,1.1416
2019-02-28,1.6,111.41,0.55,63.96,1.1351
2019-03-31,1.3,111.79,0.44,66.14,1.1302
2019-04-30,1.5,111.18,0.37,71.23,1.1238
2019-05-31,1.1,111.29,0.30,71.32,1.1185
2019-06-30,1.4,113.87,0.08,64.22,1.1293
2019-07-31,1.3,112.23,-0.07,63.92,1.1218
2019-08-31,1.3,112.79,-0.34,59.04,1.1126
2019-09-30,1.1,112.73,-0.27,62.83,1.1004
2019-10-31,0.9,112.51,-0.16,59.71,1.1053
2019-11-30,1.2,112.93,-0.02,63.21,1.1051
2019-12-31,1.6,113.39,0.04,67.31,1.1113
2020-01-31,1.7,113.79,-0.01,63.65,1.1100
2020-02-29,1.6,113.37,-0.18,55.66,1.0905
2020-03-31,0.8,111.39,-0.05,32.01,1.1063
2020-04-30,0.4,109.31,0.06,18.38,1.0862
2020-05-31,0.4,108,-0.03,29.38,1.0902
2020-06-30,0.2,108.22,-0.04,40.27,1.1255
2020-07-31,0.9,108.04,-0.15,43.24,1.1463
2020-08-31,0.2,108.99,-0.17,44.74,1.1828
2020-09-30,0.0,108.82,-0.21,40.91,1.1792
2020-10-31,0.1,109.36,-0.30,40.19,1.1775
2020-11-30,0.2,109.95,-0.32,42.69,1.1838
2020-12-31,0.0,110.85,-0.34,49.99,1.2170
2021-01-31,0.8,111.91,-0.31,54.77,1.2171
2021-02-28,0.8,114.02,-0.15,62.28,1.2098
2021-03-31,1.4,115.84,-0.07,65.41,1.1899
2021-04-30,1.6,115,-0.01,64.81,1.1979
2021-05-31,1.8,115.45,0.21,68.53,1.2146
2021-06-30,1.9,116.61,0.15,73.16,1.2047
2021-07-31,1.5,119.18,-0.01,75.17,1.1822
2021-08-31,2.4,120.58,-0.12,70.75,1.1772
2021-09-30,2.7,122.68,0.04,74.49,1.1770
2021-10-31,3.2,128.39,0.20,83.54,1.1601
2021-11-30,3.4,131.11,0.10,81.05,1.1414
2021-12-31,3.4,131.55,0.05,74.17,1.1304
2022-01-31,3.3,133.53,0.31,86.51,1.1314
2022-02-28,4.2,137.09,0.68,97.13,1.1342
2022-03-31,5.1,144.07,0.78,117.25,1.1019
2022-04-30,5.4,146.1,1.28,104.58,1.0819
2022-05-31,5.8,147.32,1.52,113.34,1.0579
2022-06-30,6.5,149.84,02.06,122.71,1.0566
2022-07-31,6.8,150.76,1.71,111.93,1.0179
2022-08-31,6.6,149.29,1.69,100.45,1.0128
2022-09-30,6.2,152.74,2.41,89.76,0.9904
2022-10-31,7.1,160.86,2.77,93.33,0.9826
2022-11-30,7.1,161.73,2.58,91.42,1.0201
2022-12-31,6.7,155.99,2.62,80.92,1.0589
2023-01-31,7.0,156.99,2.69,82.50,1.0769
2023-02-28,7.3,161.94,2.87,82.59,1.0715
2023-03-31,6.7,163.23,2.92,78.43,1.0706
2023-04-30,6.9,161.62,2.90,84.64,1.0968
2023-05-31,6.0,159.53,2.94,75.47,1.0868
2023-06-30,5.3,159.23,2.93,74.84,1.0840
2023-07-31,5.1,154.02,3.04,80.11,1.1058
2023-08-31,5.7,164.09,3.11,86.15,1.0909
2023-09-30,5.7,166.16,3.24,93.72,1.0684
2023-10-31,4.5,167.33,3.45,90.60,1.0563
2023-11-30,3.9,167.7,3.19,82.94,1.0808
2023-12-31,4.1,167.83,2.65,77.63,1.0903
2024-01-31,3.4,169.62,2.74,80.12,1.0905