period,h,n,AR_RMSE,naive,ARX,Lasso,Combo,ARX_oracle
2012-2024 (all),1,144,0.35,0.98,1.01,1.01,1.00,0.93*
2012-2024 (all),3,142,0.7,0.95*,1.03,1.03,1.00,0.73***
2012-2024 (all),6,139,1.18,0.86,1.03,1.03,0.99,0.82*
2012-2024 (all),12,133,2.19,0.77,1.11,1.07,1.04,0.84**
2012-2019,1,96,0.23,0.97,1.02,1.01,0.99,0.94
2012-2019,3,96,0.45,0.96,1.07,1.07,1.00,0.83**
2012-2019,6,96,0.74,0.83*,0.91,0.91,0.86**,0.82**
2012-2019,12,96,1.27,0.70,1.02,0.95,0.93,0.85**
2021 onward (energy shock),1,36,0.53,0.99,1.00,1.02,1.00,0.94
2021 onward (energy shock),3,34,1.13,0.93,1.01,1.01,1.00,0.71**
2021 onward (energy shock),6,31,2.06,0.84,1.08,1.08,1.05,0.81
2021 onward (energy shock),12,25,4.3,0.74,1.13,1.11,1.08,0.84**
