period,value
1988-01,13.9
1988-02,15.6
1988-03,17.5
1988-04,19.1
1988-05,17.1
1988-06,15.4
1988-07,13.5
1988-08,13.5
1988-09,13.4
1988-10,13.4
1988-11,14.3
1988-12,14.8
1989-01,15.1
1989-02,16.5
1989-03,18.1
1989-04,19.4
1989-05,18.4
1989-06,17.4
1989-07,16.3
1989-08,16.4
1989-09,16.3
1989-10,16.5
1989-11,16.4
1989-12,15.7
1990-01,15.2
1990-02,14.6
1990-03,14.0
1990-04,13.3
1990-05,12.4
1990-06,11.5
1990-07,10.8
1990-08,6.8
1990-09,2.7
1990-10,-0.8
1990-11,-3.7
1990-12,-7.0
1991-01,-10.2
1991-02,-10.2
1991-03,-10.2
1991-04,-10.0
1991-05,-10.4
1991-06,-10.8
1991-07,-10.8
1991-08,-6.7
1991-09,-2.6
1991-10,2.0
1991-11,0.6
1991-12,-1.0
1992-01,-2.8
1992-02,-3.7
1992-03,-4.4
1992-04,-5.3
1992-05,-8.4
1992-06,-10.8
1992-07,-13.4
1992-08,-14.2
1992-09,-14.4
1992-10,-14.7
1992-11,-13.9
1992-12,-13.4
1993-01,-13.3
1993-02,-16.2
1993-03,-19.5
1993-04,-22.9
1993-05,-19.4
1993-06,-15.4
1993-07,-11.5
1993-08,-12.0
1993-09,-12.3
1993-10,-12.6
1993-11,-9.6
1993-12,-7.1
1994-01,-5.0
1994-02,-3.9
1994-03,-2.6
1994-04,-1.8
1994-05,-1.4
1994-06,-0.7
1994-07,-0.1
1994-08,2.4
1994-09,4.6
1994-10,7.1
1994-11,7.6
1994-12,7.4
1995-01,7.0
1995-02,5.5
1995-03,4.0
1995-04,2.0
1995-05,2.4
1995-06,2.8
1995-07,3.2
1995-08,-0.6
1995-09,-4.5
1995-10,-7.9
1995-11,-8.6
1995-12,-10.1
1996-01,-11.5
1996-02,-10.0
1996-03,-8.3
1996-04,-6.8
1996-05,-9.6
1996-06,-12.2
1996-07,-14.4
1996-08,-12.6
1996-09,-10.7
1996-10,-8.1
1996-11,-5.6
1996-12,-3.6
1997-01,-1.7
1997-02,-0.7
1997-03,0.8
1997-04,2.0
1997-05,1.4
1997-06,1.2
1997-07,1.4
1997-08,1.1
1997-09,1.1
1997-10,1.6
1997-11,4.1
1997-12,6.2
1998-01,7.7
1998-02,8.1
1998-03,8.9
1998-04,9.2
1998-05,9.4
1998-06,10.3
1998-07,11.4
1998-08,9.4
1998-09,7.9
1998-10,6.8
1998-11,6.3
1998-12,4.8
1999-01,2.7
1999-02,2.1
1999-03,2.0
1999-04,1.0
1999-05,3.3
1999-06,6.4
1999-07,9.6
1999-08,10.3
1999-09,11.1
1999-10,12.4
1999-11,13.6
1999-12,13.1
2000-01,12.1
2000-02,11.4
2000-03,11.1
2000-04,9.6
2000-05,11.8
2000-06,14.4
2000-07,10.0
2000-08,12.0
2000-09,13.7
2000-10,12.3
2000-11,9.6
2000-12,10.4
2001-01,10.7
2001-02,13.5
2001-03,14.7
2001-04,11.5
2001-05,7.4
2001-06,6.4
2001-07,1.2
2001-08,1.0
2001-09,0.7
2001-10,-7.5
2001-11,-8.5
2001-12,-8.5
2002-01,-5.7
2002-02,-3.4
2002-03,0.7
2002-04,4.8
2002-05,5.4
2002-06,0.7
2002-07,-3.0
2002-08,-4.4
2002-09,-5.5
2002-10,-5.3
2002-11,-5.2
2002-12,-1.5
2003-01,-5.3
2003-02,-3.1
2003-03,-8.3
2003-04,-9.7
2003-05,-7.0
2003-06,-7.2
2003-07,-5.2
2003-08,-4.6
2003-09,-3.4
2003-10,-3.2
2003-11,-1.7
2003-12,0.9
2004-01,8.9
2004-02,9.8
2004-03,7.7
2004-04,7.1
2004-05,6.3
2004-06,5.9
2004-07,8.6
2004-08,7.5
2004-09,6.8
2004-10,7.1
2004-11,5.7
2004-12,10.6
2005-01,8.8
2005-02,5.8
2005-03,6.7
2005-04,6.7
2005-05,7.2
2005-06,10.9
2005-07,11.3
2005-08,11.0
2005-09,11.0
2005-10,9.8
2005-11,9.0
2005-12,6.2
2006-01,9.4
2006-02,8.4
2006-03,7.9
2006-04,9.5
2006-05,11.2
2006-06,9.8
2006-07,10.3
2006-08,10.3
2006-09,10.3
2006-10,11.4
2006-11,11.7
2006-12,11.0
2007-01,11.0
2007-02,9.5
2007-03,10.7
2007-04,11.3
2007-05,11.9
2007-06,11.2
2007-07,12.4
2007-08,11.7
2007-09,11.3
2007-10,11.5
2007-11,10.7
2007-12,8.8
2008-01,10.0
2008-02,8.4
2008-03,9.3
2008-04,9.2
2008-05,6.3
2008-06,5.1
2008-07,-0.4
2008-08,-0.3
2008-09,-1.6
2008-10,-9.3
2008-11,-11.3
2008-12,-16.7
2009-01,-20.0
2009-02,-21.7
2009-03,-26.8
2009-04,-27.8
2009-05,-24.5
2009-06,-21.0
2009-07,-17.2
2009-08,-13.9
2009-09,-11.2
2009-10,-10.1
2009-11,-10.3
2009-12,-7.8
2010-01,-4.6
2010-02,-4.7
2010-03,-5.0
2010-04,-1.7
2010-05,0.0
2010-06,0.8
2010-07,2.7
2010-08,3.5
2010-09,2.5
2010-10,2.8
2010-11,3.1
2010-12,5.7
2011-01,5.9
2011-02,7.5
2011-03,7.9
2011-04,8.9
2011-05,7.4
2011-06,7.7
2011-07,6.7
2011-08,3.0
2011-09,0.6
2011-10,-2.2
2011-11,-3.9
2011-12,-4.2
2012-01,-3.5
2012-02,-4.1
2012-03,-4.0
2012-04,-3.9
2012-05,-7.7
2012-06,-9.5
2012-07,-11.4
2012-08,-12.0
2012-09,-13.8
2012-10,-12.6
2012-11,-14.5
2012-12,-13.2
2013-01,-11.4
2013-02,-12.7
2013-03,-14.1
2013-04,-14.6
2013-05,-14.0
2013-06,-12.6
2013-07,-13.0
2013-08,-13.3
2013-09,-9.2
2013-10,-9.1
2013-11,-7.5
2013-12,-10.8
2014-01,-9.0
2014-02,-8.7
2014-03,-7.3
2014-04,-5.4
2014-05,-5.6
2014-06,-7.6
2014-07,-7.6
2014-08,-8.0
2014-09,-8.3
2014-10,-7.0
2014-11,-6.9
2014-12,-8.0
2015-01,-9.0
2015-02,-8.7
2015-03,-8.3
2015-04,-6.8
2015-05,-5.0
2015-06,-4.8
2015-07,-4.6
2015-08,-2.5
2015-09,-2.6
2015-10,0.9
2015-11,-0.4
2015-12,-2.8
2016-01,-1.4
2016-02,-1.2
2016-03,-0.9
2016-04,-0.5
2016-05,0.7
2016-06,-1.4
2016-07,-0.9
2016-08,-0.5
2016-09,-1.5
2016-10,-1.0
2016-11,-0.8
2016-12,1.3
2017-01,0.5
2017-02,1.8
2017-03,3.2
2017-04,2.2
2017-05,1.7
2017-06,0.8
2017-07,1.4
2017-08,5.3
2017-09,6.3
2017-10,7.0
2017-11,7.8
2017-12,9.9
2018-01,7.0
2018-02,6.0
2018-03,6.1
2018-04,5.4
2018-05,2.7
2018-06,3.0
2018-07,3.0
2018-08,2.7
2018-09,3.3
2018-10,1.9
2018-11,2.4
2018-12,2.2
2019-01,2.6
2019-02,1.9
2019-03,4.4
2019-04,4.8
2019-05,5.8
2019-06,5.1
2019-07,3.9
2019-08,4.3
2019-09,4.7
2019-10,3.4
2019-11,3.3
2019-12,6.5
2020-01,5.5
2020-02,6.2
2020-03,-1.5
2020-04,-40.6
2020-05,-53.5
2020-06,-44.8
2020-07,-36.6
2020-08,-18.3
2020-09,-4.0
2020-10,-8.1
2020-11,-11.1
2020-12,-11.6
2021-01,-12.5
2021-02,-11.7
2021-03,-8.1
2021-04,-8.8
2021-05,0.1
2021-06,6.0
2021-07,9.1
2021-08,8.9
2021-09,9.2
2021-10,10.1
2021-11,13.5
2021-12,10.0
2022-01,7.2
2022-02,8.5
2022-03,8.0
2022-04,7.7
2022-05,8.8
2022-06,9.6
2022-07,8.3
2022-08,8.6
2022-09,4.9
2022-10,4.2
2022-11,3.3
2022-12,3.4
2023-01,5.2
2023-02,5.9
2023-03,1.5
2023-04,1.5
2023-05,0.9
2023-06,1.4
2023-07,0.2
2023-08,-1.2
2023-09,-1.4
2023-10,-1.4
2023-11,-0.9
2023-12,-1.8
2024-01,0.0
2024-02,-3.3
2024-03,1.0
2024-04,-2.6
2024-05,3.2
2024-06,0.1
2024-07,-4.8
2024-08,-2.8
2024-09,-3.3
2024-10,-0.2
2024-11,-2.7
2024-12,-2.6
2025-01,-2.6
2025-02,-1.5
2025-03,-4.8
2025-04,-2.7
2025-05,-6.1
2025-06,-7.0
2025-07,-4.2
2025-08,-6.0
2025-09,-1.9
2025-10,-4.2
2025-11,-2.5
2025-12,-1.4
