quarter,month,actual,mean,AR1,Bridge-ESI,Ridge-all,Factor,Pool
2010Q1,1,0.3,0.4162790697674417,0.5318621069497296,0.02737921049499145,0.1494152317432077,0.09962341890798315,0.09213928704872743
2010Q1,2,0.3,0.4162790697674417,0.5318621069497296,-0.10055151136026866,0.05345393740937998,0.008254865317933013,-0.012947569544318555
2010Q1,3,0.3,0.4162790697674417,0.5318621069497296,-0.06240672331598554,0.0958704308172767,0.058753629407910624,0.03073911230306726
2010Q2,1,0.5,0.4136363636363635,0.36406227159771964,0.2467447197219108,0.18793115574206404,0.1866563248612679,0.20711073344174757
2010Q2,2,0.5,0.4136363636363635,0.36406227159771964,0.18053346250875602,0.13395579730337936,0.14542897094763702,0.15330607691992412
2010Q2,3,0.5,0.4136363636363635,0.36406227159771964,0.1565730820036142,0.0638772346992817,0.07559564243634015,0.09868198637974535
2010Q3,1,0.7,0.41555555555555546,0.44780062839188794,0.18449169995144193,0.2060602585163201,0.2365201140704583,0.2090240241794068
2010Q3,2,0.7,0.41555555555555546,0.44780062839188794,0.2529883975241887,0.27101992534417907,0.30219162355334167,0.2753999821405699
2010Q3,3,0.7,0.41555555555555546,0.44780062839188794,0.256901378089246,0.2764507602776556,0.3121909566604056,0.28184769834243567
2010Q4,1,0.6,0.4217391304347825,0.5341899441340783,0.38762933447752845,0.3522047699116316,0.36662685046804555,0.3688203182857352
2010Q4,2,0.6,0.4217391304347825,0.5341899441340783,0.3680642828806754,0.3852781505189313,0.3909314746343014,0.38142463601130266
2010Q4,3,0.6,0.4217391304347825,0.5341899441340783,0.3954734850059124,0.41405852430679835,0.42271885788594965,0.4107502890662202
2011Q1,1,1.3,0.42553191489361697,0.4953428480667996,0.601280170869607,0.4623148787363941,0.4883269251878196,0.5173073249312735
2011Q1,2,1.3,0.42553191489361697,0.4953428480667996,0.565123084663393,0.45236205289099696,0.47761720261126306,0.4983674467218843
2011Q1,3,1.3,0.42553191489361697,0.4953428480667996,0.5789216739054761,0.44774098293869624,0.47962780700048874,0.5020968212815536
2011Q2,1,0.0,0.44375000000000003,0.8019399061657737,0.41750897170381684,0.5574275673825105,0.517032930209457,0.4973231564319281
2011Q2,2,0.0,0.44375000000000003,0.8019399061657737,0.3641048115920197,0.48216499512237526,0.4512692446000823,0.43251301710482576
2011Q2,3,0.0,0.44375000000000003,0.8019399061657737,0.37914132653057575,0.4810793252229262,0.44940642560353744,0.4365423591190131
2011Q3,1,0.3,0.4346938775510204,0.2652728413129834,0.5339970783636376,0.3814477187545043,0.3951495653304084,0.4368647874828501
2011Q3,2,0.3,0.4346938775510204,0.2652728413129834,0.327383835115584,0.21409639481368697,0.22398140250624493,0.2551538774785053
2011Q3,3,0.3,0.4346938775510204,0.2652728413129834,0.2844170684573637,0.20363168388178682,0.20673024620221722,0.23159299951378923
2011Q4,1,0.4,0.43200000000000005,0.3792799188640974,-0.019113530095147505,0.08879001632169742,0.07401189843490169,0.04789612822048387
2011Q4,2,0.4,0.43200000000000005,0.3792799188640974,-0.0964206603184359,0.02451038549837431,0.003948664194193985,-0.022653870208622532
2011Q4,3,0.4,0.43200000000000005,0.3792799188640974,-0.12068315013651644,-0.028241310372334516,-0.04252353853500884,-0.0638159996812866
2012Q1,1,-0.1,0.43137254901960786,0.41734876328598375,-0.21388431441879657,-0.0070310911552830535,-0.0355401584664683,-0.08548518801351597
2012Q1,2,-0.1,0.43137254901960786,0.41734876328598375,-0.1546019380277009,0.051443273639777465,0.017085970691733954,-0.028690897898729823
2012Q1,3,-0.1,0.43137254901960786,0.41734876328598375,-0.1147663838717921,0.1207574946896886,0.08198596889489662,0.02932569323759771
2012Q2,1,-0.4,0.4211538461538461,0.21867200514364202,0.1454054511900345,0.06647341127013551,0.05491563220198936,0.08893149822071979
2012Q2,2,-0.4,0.4211538461538461,0.21867200514364202,0.09135121119122808,0.03891511554056576,0.021790751165973343,0.05068569263258906
2012Q2,3,-0.4,0.4211538461538461,0.21867200514364202,0.058899592985097345,0.05361915951514157,0.02727405729620752,0.046597603265482145
2012Q3,1,0.3,0.4056603773584906,0.08034149375247363,-0.09830976131080717,-0.06590903791939157,-0.11200237434144789,-0.0920737245238822
2012Q3,2,0.3,0.4056603773584906,0.08034149375247363,-0.11320069596813766,-0.11419828283401773,-0.1584434955450017,-0.12861415811571902
2012Q3,3,0.3,0.4056603773584906,0.08034149375247363,-0.12714279528338623,-0.14139373247309311,-0.18914041990378194,-0.15255898255342043
2012Q4,1,0.0,0.40370370370370373,0.3609213917525772,-0.46499785761830426,-0.2325171258496016,-0.28769845469438493,-0.3284044793874303
2012Q4,2,0.0,0.40370370370370373,0.3609213917525772,-0.4312763529532915,-0.2084868841348474,-0.2729888003747142,-0.30425067915428433
2012Q4,3,0.0,0.40370370370370373,0.3609213917525772,-0.42570163406387485,-0.2195118444373697,-0.28037077419387224,-0.3085280842317056
2013Q1,1,0.2,0.39636363636363636,0.23806902002107483,-0.16521718328183432,-0.0787889655328799,-0.14816961017807578,-0.13072525299759666
2013Q1,2,0.2,0.39636363636363636,0.23806902002107483,-0.20320548601013133,-0.08743351031690333,-0.16110560972804117,-0.15058153535169194
2013Q1,3,0.2,0.39636363636363636,0.23806902002107483,-0.19766758956856822,-0.10384599149114421,-0.1828811307508756,-0.16146490393686266
2013Q2,1,0.9,0.39285714285714285,0.3146298055120603,-0.32918869223088465,-0.14612333474522865,-0.2276931277773538,-0.234335051584489
2013Q2,2,0.9,0.39285714285714285,0.3146298055120603,-0.34537921149866135,-0.14519943639693034,-0.24035516457168243,-0.24364460415575806
2013Q2,3,0.9,0.39285714285714285,0.3146298055120603,-0.3113966737223699,-0.16699895202006743,-0.2577232795836793,-0.24537296844203885
2013Q3,1,-0.2,0.40175438596491225,0.5934874901414596,-0.2084209465046105,0.11796942005606792,-0.022715209349618015,-0.03772224526605353
2013Q3,2,-0.2,0.40175438596491225,0.5934874901414596,-0.1955688722601314,0.14899758311496936,0.016862454477645228,-0.009902944889172269
2013Q3,3,-0.2,0.40175438596491225,0.5934874901414596,-0.16493261721605498,0.1246415155728981,0.008093454143166645,-0.010732549166663413
2013Q4,1,0.6,0.3913793103448276,0.17069235282612955,0.13514532716011246,0.19095467526835516,0.1121607804351995,0.14608692762122236
2013Q4,2,0.6,0.3913793103448276,0.17069235282612955,0.0828155683071508,0.15361037268148656,0.07442967524214905,0.10361853874359546
2013Q4,3,0.6,0.3913793103448276,0.17069235282612955,0.08839402656282895,0.14524635560437393,0.05599393335047659,0.0965447718392265
2014Q1,1,0.0,0.3949152542372881,0.4664534828770358,0.06727358984359168,0.27506337098907735,0.1534508096668228,0.16526259016649728
2014Q1,2,0.0,0.3949152542372881,0.4664534828770358,0.015868770341252572,0.20832684169090962,0.10567714816541518,0.1099575867325258
2014Q1,3,0.0,0.3949152542372881,0.4664534828770358,0.03364572918816201,0.24531107860003354,0.1421271022545263,0.14036130334757393
2014Q2,1,0.3,0.38833333333333336,0.24937229437229447,0.17075526504725413,0.24439517932781687,0.1616284333733891,0.1922596259161534
2014Q2,2,0.3,0.38833333333333336,0.24937229437229447,0.12471261119384902,0.17214461110310936,0.10331257568887126,0.1333899326619432
2014Q2,3,0.3,0.38833333333333336,0.24937229437229447,0.08781505475493168,0.14082893984938866,0.07094537424478242,0.09986312294970091
2014Q3,1,0.6,0.38688524590163936,0.3545087412059542,0.00914634473553199,0.1274597163183378,0.06843256225967059,0.06834620777118013
2014Q3,2,0.6,0.38688524590163936,0.3545087412059542,-0.040467782560784656,0.09897888778533448,0.04985082755952491,0.03612064426135825
2014Q3,3,0.6,0.38688524590163936,0.3545087412059542,-0.03642251203057346,0.11086841179872114,0.05236729029203713,0.04227106335339494
2014Q4,1,-0.3,0.39032258064516134,0.4621977565125724,0.026667425387354435,0.1923551549607074,0.11217644020972067,0.11039967351926083
2014Q4,2,-0.3,0.39032258064516134,0.4621977565125724,0.03025519529228625,0.19997891889299618,0.11915986766998093,0.11646466061842113
2014Q4,3,-0.3,0.39032258064516134,0.4621977565125724,0.007844251604832916,0.20266049172161196,0.13139095992668265,0.11396523441770917
2015Q1,1,0.6,0.3793650793650794,0.14418194280380914,0.17465124409624946,0.23283701546057967,0.16688656745099695,0.19145827566927534
2015Q1,2,0.6,0.3793650793650794,0.14418194280380914,0.2486309831678232,0.2615949357957918,0.20033451322222928,0.23685347739528143
2015Q1,3,0.6,0.3793650793650794,0.14418194280380914,0.26042134472339395,0.2487967315197316,0.18173699808335153,0.2303183581088257
2015Q2,1,0.1,0.3828125,0.45272962265741334,0.1902173613676149,0.362311309661888,0.3158725704206581,0.28946708048338704
2015Q2,2,0.1,0.3828125,0.45272962265741334,0.18299044683280286,0.3603023234961456,0.3217725765948827,0.2883551156412771
2015Q2,3,0.1,0.3828125,0.45272962265741334,0.18587744655122884,0.359042977894875,0.320916824611133,0.2886124163524123
2015Q3,1,0.3,0.37846153846153846,0.28614289855472586,0.30684349333731187,0.33981280257265345,0.27595297722306583,0.30753642437767703
2015Q3,2,0.3,0.37846153846153846,0.28614289855472586,0.3078659371431389,0.3540098906707373,0.31943597962436493,0.32710393581274705
2015Q3,3,0.3,0.37846153846153846,0.28614289855472586,0.31765193398036407,0.3682399602866185,0.33809819638273886,0.3413300302165738
2015Q4,1,0.2,0.3772727272727273,0.3505462130806689,0.44217736507845823,0.4311693242087192,0.4104236834330964,0.4279234575734246
2015Q4,2,0.2,0.3772727272727273,0.3505462130806689,0.3670773073480627,0.3350122249756908,0.3237997291741306,0.34196308716596135
2015Q4,3,0.2,0.3772727272727273,0.3505462130806689,0.3640154006972867,0.3942139040234574,0.39054213397215354,0.3829238128976325
2016Q1,1,0.3,0.37462686567164183,0.3161268808024757,0.4997647068313827,0.4882030613102941,0.4497008403433589,0.47922286949501186
2016Q1,2,0.3,0.37462686567164183,0.3161268808024757,0.4958411713621516,0.5018108031279769,0.44283446256655223,0.4801621456855602
2016Q1,3,0.3,0.37462686567164183,0.3161268808024757,0.48060747186358826,0.47108737108400206,0.40116064209606833,0.4509518283478862
2016Q2,1,-0.2,0.3735294117647059,0.34800650935720107,0.36698370756106863,0.41544106110238255,0.3757524052822862,0.3860590579819125
2016Q2,2,-0.2,0.3735294117647059,0.34800650935720107,0.37451243295462605,0.4049779657226803,0.39594342504517266,0.3918112745741597
2016Q2,3,-0.2,0.3735294117647059,0.34800650935720107,0.33505007374020085,0.36544427975797417,0.3460060770237329,0.348833476840636
2016Q3,1,0.1,0.3652173913043479,0.1782583397982933,0.3049333193573566,0.28417674856083897,0.29225412112538046,0.2937880630145253
2016Q3,2,0.1,0.3652173913043479,0.1782583397982933,0.36261385993207623,0.2996282052213691,0.30574275097106185,0.32266160537483574
2016Q3,3,0.1,0.3652173913043479,0.1782583397982933,0.3752772796516321,0.32102263737045167,0.32160964033380834,0.33930318578529733
2016Q4,1,0.6,0.3614285714285715,0.2736046825641058,0.39782739629721653,0.4096296962610944,0.4031859149069364,0.4035476691550824
2016Q4,2,0.6,0.3614285714285715,0.2736046825641058,0.43130321209048383,0.4187021159491086,0.4175002626230185,0.42250186355420366
2016Q4,3,0.6,0.3614285714285715,0.2736046825641058,0.4590156489913062,0.44251469604492494,0.4445700252807567,0.44870012343899596
2017Q1,1,0.7,0.36478873239436627,0.4399483995210292,0.4617459359839764,0.5110001894455851,0.4929613589380655,0.48856916145587564
2017Q1,2,0.7,0.36478873239436627,0.4399483995210292,0.502566359338019,0.5510300770239077,0.5241486918351843,0.5259150427323703
2017Q1,3,0.7,0.36478873239436627,0.4399483995210292,0.49739150036196933,0.5517046917384653,0.5338233513724726,0.5276398478243024
2017Q2,1,0.8,0.36944444444444446,0.47657331616914805,0.5299645852999676,0.5693745187608719,0.5377984660097751,0.5457125233568716
2017Q2,2,0.8,0.36944444444444446,0.47657331616914805,0.5589554882628777,0.6019003908581488,0.5646958585143866,0.5751839125451377
2017Q2,3,0.8,0.36944444444444446,0.47657331616914805,0.5699010240635273,0.5976157709946484,0.5716885988166854,0.5797351312916205
2017Q3,1,0.7,0.37534246575342467,0.5153673744322178,0.5688174073929438,0.6425782070652915,0.6279024623172528,0.6130993589251627
2017Q3,2,0.7,0.37534246575342467,0.5153673744322178,0.614155446287166,0.6451847903259009,0.6356722251837448,0.6316708205989372
2017Q3,3,0.7,0.37534246575342467,0.5153673744322178,0.640033789722985,0.7313787386288838,0.7170013632544021,0.6961379638687569
2017Q4,1,0.6,0.37972972972972974,0.4860678838377651,0.6871633622653672,0.6333738971393104,0.5936208502393082,0.638052703214662
2017Q4,2,0.6,0.37972972972972974,0.4860678838377651,0.6997294997171821,0.6498017703807788,0.6424051379798792,0.6639788026926133
2017Q4,3,0.6,0.37972972972972974,0.4860678838377651,0.7443161841093755,0.7087238044840894,0.7092628255659192,0.7207676047197946
2018Q1,1,0.0,0.3826666666666667,0.4547186683175126,0.8274190533874219,0.7830228115124356,0.7491839132071099,0.7865419260356559
2018Q1,2,0.0,0.3826666666666667,0.4547186683175126,0.7447563424399166,0.7230576443849583,0.6860709892948237,0.7179616587065661
2018Q1,3,0.0,0.3826666666666667,0.4547186683175126,0.7300225455183464,0.7244608936947787,0.696608131369794,0.7170305235276397
2018Q2,1,0.3,0.3776315789473685,0.2501998509586071,0.7604833496614498,0.6632393105760845,0.6180771076462535,0.6805999226279292
2018Q2,2,0.3,0.3776315789473685,0.2501998509586071,0.6816119896991566,0.612478887588984,0.5669650727980073,0.6203519833620493
2018Q2,3,0.3,0.3776315789473685,0.2501998509586071,0.6957262122660071,0.6203173737180651,0.5649534036656971,0.6269989965499231
2018Q3,1,0.5,0.3766233766233767,0.3497375415282392,0.5943818289701859,0.5750169183296827,0.5285008315056093,0.5659665262684926
2018Q3,2,0.5,0.3766233766233767,0.3497375415282392,0.5506815969490162,0.5340285840047204,0.4957602843064345,0.5268234884200571
2018Q3,3,0.5,0.3766233766233767,0.3497375415282392,0.5367961094767295,0.5164440306983723,0.47346204583829576,0.5089007286711326
2018Q4,1,0.8,0.37820512820512825,0.41732323480712785,0.44033694062226636,0.4525719452472214,0.4254724629865858,0.4394604496186912
2018Q4,2,0.8,0.37820512820512825,0.41732323480712785,0.4511950611165354,0.4583605785643521,0.41483110927869343,0.44146224965319364
2018Q4,3,0.8,0.37820512820512825,0.41732323480712785,0.41351581307675667,0.39571977614769044,0.3560107587713816,0.38841544933194294
2019Q1,1,0.9,0.3835443037974684,0.5213950629266556,0.40680271626681563,0.47727011244856976,0.444960314479289,0.44301104773155814
2019Q1,2,0.9,0.3835443037974684,0.5213950629266556,0.37854551298065886,0.45800181237033194,0.4442202132131893,0.42692251285472665
2019Q1,3,0.9,0.3835443037974684,0.5213950629266556,0.3911264165133358,0.46290097120102913,0.4550118507522053,0.4363464128221901
2019Q2,1,0.6,0.39,0.5625129506290305,0.3454884907326068,0.38469286036734346,0.4201862380288838,0.3834558630429446
2019Q2,2,0.6,0.39,0.5625129506290305,0.47627644994260954,0.4894806773014736,0.5072168387838969,0.49099132200932666
2019Q2,3,0.6,0.39,0.5625129506290305,0.44968447075655127,0.46171747830451504,0.4883121121632992,0.46657135374145514
2019Q3,1,0.0,0.3925925925925926,0.46215620255517803,0.4507315288003678,0.3988886831914688,0.45989196593149667,0.43650405930777775
2019Q3,2,0.0,0.3925925925925926,0.46215620255517803,0.4615623378295549,0.42713876192102185,0.47741859766650435,0.45537323247236033
2019Q3,3,0.0,0.3925925925925926,0.46215620255517803,0.4525108774765624,0.39745337919258794,0.4631733094628044,0.43771252204398486
2019Q4,1,-0.5,0.3878048780487805,0.2556352192931089,0.5348385431289802,0.42649877772489636,0.47579333460842144,0.479043551820766
2019Q4,2,-0.5,0.3878048780487805,0.2556352192931089,0.5025477010041701,0.41893118756049796,0.48058929979684933,0.46735606278717245
2019Q4,3,-0.5,0.3878048780487805,0.2556352192931089,0.4955922521546916,0.4067265360296867,0.468224672320419,0.4568478201682658
2020Q1,1,-5.1,0.37710843373493974,0.06884996801023682,0.6396625191020637,0.5147190665834462,0.5180879178692023,0.5574898345182374
2020Q1,2,-5.1,0.37710843373493974,0.06884996801023682,0.6611040997730913,0.5156918369396781,0.5348540533544324,0.5705499966890673
2020Q1,3,-5.1,0.37710843373493974,0.06884996801023682,0.5606440539920883,-0.09490149557004318,0.015906338975714307,0.1605496324659198
2020Q2,1,-12.2,0.31190476190476196,-2.5858651565011104,-2.104608044840089,-6.876358651920066,-1.0527066260085647,-3.34455777425624
2020Q2,2,-12.2,0.31190476190476196,-2.5858651565011104,-2.073900424436558,-0.7336732786706419,-0.9034281637396714,-1.2370006222822905
2020Q2,3,-12.2,0.31190476190476196,-2.5858651565011104,-1.9956982905422855,3.651781179874857,-0.7119805200701844,0.314700789754129
2020Q3,1,15.3,0.16470588235294123,-18.395341277505683,-19.136281297730203,-2.4377659287641937,-1.1216938623069044,-7.565247029600434
2020Q3,2,15.3,0.16470588235294123,-18.395341277505683,-19.18903460754781,-1.857102575723978,-0.7757286010580262,-7.273955261443272
2020Q3,3,15.3,0.16470588235294123,-18.395341277505683,-19.20197107309975,-1.291987989567071,-0.5846039315832288,-7.026187664750016
2020Q4,1,-0.1,0.3406976744186047,-7.339397630968322,-12.276472704361023,-0.19934520153898133,-0.08012214696489456,-4.185313350954966
2020Q4,2,-0.1,0.3406976744186047,-7.339397630968322,-12.72430917678075,1.7467744990166902,-0.08799817930105863,-3.6885109523550397
2020Q4,3,-0.1,0.3406976744186047,-7.339397630968322,-12.535287170722953,-0.7471968625411824,-0.26820767414151553,-4.516897235801884
2021Q1,1,0.4,0.335632183908046,0.4509028660496298,0.02707615631995347,0.6909435471160261,-0.0441345422063083,0.2246283870765571
2021Q1,2,0.4,0.335632183908046,0.4509028660496298,0.0538590184604279,0.8286915488901014,-0.014084644968098525,0.28948864079414366
2021Q1,3,0.4,0.335632183908046,0.4509028660496298,0.1400822201071898,0.8202179814234926,0.05505014212160664,0.338450114550763
2021Q2,1,1.2,0.33636363636363636,0.32075969656354064,0.3650685279989244,1.0853788305243077,0.3618575102567599,0.6041016229266639
2021Q2,2,1.2,0.33636363636363636,0.32075969656354064,0.7349335458754912,0.8580220493251012,0.6161016052372568,0.7363524001459497
2021Q2,3,1.2,0.33636363636363636,0.32075969656354064,0.8562857732735257,0.434170231809721,0.675278244204268,0.6552447497625049
2021Q3,1,3.0,0.34606741573033706,0.1234746275212783,1.2743992404257938,1.1563744516048837,1.170410967548051,1.2003948865262428
2021Q3,2,3.0,0.34606741573033706,0.1234746275212783,1.1513040449253626,1.087874902975804,1.0733660381549848,1.104181662018717
2021Q3,3,3.0,0.34606741573033706,0.1234746275212783,1.1439233887401787,1.0773635842415106,1.1013556182540762,1.1075475304119218
2021Q4,1,0.6,0.37555555555555553,-0.29585910987429476,0.47795706309219566,0.9017823560765252,1.024991420637025,0.8015769466019153
2021Q4,2,0.6,0.37555555555555553,-0.29585910987429476,0.6272637405983883,0.9820498448581534,1.1221827627504923,0.910498782735678
2021Q4,3,0.6,0.37555555555555553,-0.29585910987429476,0.5780335194716841,0.9594486951223431,1.0835191639101946,0.873667126168074
2022Q1,1,-0.1,0.378021978021978,0.3232283809857921,1.0839490228604973,1.0550592060476438,0.8863029824995268,1.0084370704692225
2022Q1,2,-0.1,0.378021978021978,0.3232283809857921,1.2058701012094197,1.1488023310108548,0.983236105101853,1.112636179107376
2022Q1,3,-0.1,0.378021978021978,0.3232283809857921,0.9966915137008752,1.0020447030403672,0.7843820762852871,0.9277060976755097
2022Q2,1,0.4,0.3728260869565217,0.4923778033754078,0.6785673638751666,0.4945726245259572,0.3785861288623358,0.5172420390878198
2022Q2,2,0.4,0.3728260869565217,0.4923778033754078,0.7819803331771711,0.5471413890593511,0.4285526312391747,0.5858914511585657
2022Q2,3,0.4,0.3728260869565217,0.4923778033754078,0.7544719957906487,0.6477008521039793,0.41838362927655764,0.6068521590570619
2022Q3,1,0.5,0.3731182795698924,0.36724735924023644,0.5207173711987707,0.6832753683714257,0.37055395034936267,0.524848896639853
2022Q3,2,0.5,0.3731182795698924,0.36724735924023644,0.447807611892955,0.5413300498759843,0.34447253520117155,0.44453673232337026
2022Q3,3,0.5,0.3731182795698924,0.36724735924023644,0.32756598004449516,0.24164006423902104,0.21994352654910496,0.26304985694420707
2022Q4,1,0.4,0.3744680851063829,0.3438425038614686,0.037754565312026284,0.35672512601595224,0.11353711159127666,0.16933893430641841
2022Q4,2,0.4,0.3744680851063829,0.3438425038614686,-0.06640101836097564,0.41973843794358656,0.09244375787909648,0.14859372582056912
2022Q4,3,0.4,0.3744680851063829,0.3438425038614686,-0.07956449018668618,0.4697011725190648,0.07880165530142269,0.1563127792112671
2023Q1,1,0.1,0.3747368421052631,0.36925125826690014,0.21286482759687902,0.3153357216917948,0.17388719715655235,0.2340292488150754
2023Q1,2,0.1,0.3747368421052631,0.36925125826690014,0.1533211711763401,0.3185423581599527,0.1467443838367308,0.2062026377243412
2023Q1,3,0.1,0.3747368421052631,0.36925125826690014,0.1513724401973831,0.41811821270619615,0.14335219719225614,0.23761428336527846
2023Q2,1,0.9,0.371875,0.4408974576515824,-0.051188753767352164,0.1548106385957595,-0.0025444890804466325,0.033692465249320236
2023Q2,2,0.9,0.371875,0.4408974576515824,0.07157957681855737,0.21521381742833473,0.06374687433934773,0.11684675619541328
2023Q2,3,0.9,0.371875,0.4408974576515824,0.09831515433450749,0.149820563307649,0.0858544464392591,0.11133005469380519
2023Q3,1,0.2,0.37731958762886597,0.24694458700938,-0.18804843088629303,0.038078724722346746,0.12253020289675881,-0.00914650108906249
2023Q3,2,0.2,0.37731958762886597,0.24694458700938,-0.26575722876451907,0.2003985245045647,0.07528559524400968,0.003308963661351768
2023Q3,3,0.2,0.37731958762886597,0.24694458700938,-0.20494847123284993,0.26000693713683165,0.09930628659184804,0.05145491749860992
2023Q4,1,0.4,0.3755102040816327,0.42039418868377026,-0.025894893395049787,0.1072274799495882,0.03984101745908969,0.040391201337876034
2023Q4,2,0.4,0.3755102040816327,0.42039418868377026,0.05388709814009453,0.03635606663994895,0.09293758810149666,0.061060250960513374
2023Q4,3,0.4,0.3755102040816327,0.42039418868377026,0.037803867981036424,0.028734204896741722,0.08025418531832096,0.04893075273203303
2024Q1,1,0.1,0.3757575757575758,0.3704863214420196,0.194029245516558,0.23167574851566536,0.2601286525267343,0.22861121551965255
2024Q1,2,0.1,0.3757575757575758,0.3704863214420196,0.16328453890621766,0.22285057588961463,0.19560573213504753,0.1939136156436266
2024Q1,3,0.1,0.3757575757575758,0.3704863214420196,0.24859987075844206,0.37138335199045264,0.27050739042413047,0.29683020439100843
2024Q2,1,0.2,0.37300000000000005,0.44233562248396613,0.11670117934484944,0.20054011205634467,0.09634516831634021,0.1378621532391781
2024Q2,2,0.2,0.37300000000000005,0.44233562248396613,0.26287982656307857,0.22647056057397927,0.20615523862268165,0.2318352085865798
2024Q2,3,0.2,0.37300000000000005,0.44233562248396613,0.2407157392755058,0.3429556128387312,0.193381345697593,0.2590175659372767
2024Q3,1,0.4,0.37128712871287134,0.41505822893128846,0.054529558614558424,0.0919393499538102,0.03066730080566299,0.05904540312467721
2024Q3,2,0.4,0.37128712871287134,0.41505822893128846,0.23349055112257822,0.02900799042558716,0.1550804272880875,0.1391929896120843
2024Q3,3,0.4,0.37128712871287134,0.41505822893128846,0.20431778539350254,0.03054508785360399,0.14077791995516545,0.12521359773409066
2024Q4,1,0.0,0.37156862745098046,0.3652379283898076,-0.10879752288749933,-0.0072155884015598915,0.052068139278936554,-0.02131499067004089
2024Q4,2,0.0,0.37156862745098046,0.3652379283898076,-0.0012654793032369493,0.12658139864799461,0.06873373810748667,0.06468321915074811
2024Q4,3,0.0,0.37156862745098046,0.3652379283898076,-0.09629768264443395,0.13570282456854105,0.016128980771836665,0.018511374231981254
2025Q1,1,0.1,0.36796116504854376,0.4610429825872409,0.18112047126755382,0.04537039758149808,0.07701630196107678,0.10116905693670956
2025Q1,2,0.1,0.36796116504854376,0.4610429825872409,0.28475138441850767,0.16615338395815202,0.15967731644528615,0.2035273616073153
2025Q1,3,0.1,0.36796116504854376,0.4610429825872409,0.23229634161137724,0.1291110320988935,0.1058206425501198,0.15574267208679685
2025Q2,1,0.3,0.36538461538461536,0.4326517720621895,0.20236976804994972,0.21666839891422837,0.1176927420076776,0.17891030299061858
2025Q2,2,0.3,0.36538461538461536,0.4326517720621895,0.02366623120407213,0.08447600984065323,-0.033486063129263555,0.02488539263848727
2025Q2,3,0.3,0.36538461538461536,0.4326517720621895,-0.0631151661159885,0.06964768095550972,-0.07466866781294462,-0.022712050991141135
2025Q3,1,0.5,0.36476190476190473,0.38176743500489324,-0.1692819276705948,-0.006246558793692236,-0.06688372973286882,-0.08080407206571862
2025Q3,2,0.5,0.36476190476190473,0.38176743500489324,-0.16653843428867043,-0.0014313064550154353,-0.11275458266640315,-0.09357477447002967
2025Q3,3,0.5,0.36476190476190473,0.38176743500489324,-0.17429913495189675,-0.012937738843709967,-0.10595493354107421,-0.09773060244556031
