h,b,lo90,hi90,lo68,hi68
0,1.113556708795997,0.45686510308126926,1.7702483145107246,0.7143520852612082,1.5127613323307858
1,1.1878617098418691,0.10497614137840672,2.2707472783053317,0.5295726104719832,1.8461508092117551
2,1.510163078759754,0.14052428665201755,2.8798018708674906,0.6775559103052029,2.342770247214305
3,1.5656638023088527,-0.25776797726322376,3.3890955818809294,0.45719463539573635,2.674132969221969
4,1.8801381609875594,0.23166184062673967,3.528614481348379,0.8780248963305262,2.8822514256445926
5,2.1505237192417335,0.4803830488393608,3.820664389644106,1.1352406369302608,3.165806801553206
6,1.4261245595932748,-0.1416239323468771,2.9938730515334266,0.47308596266917036,2.379163156517379
7,2.3330688044776533,0.5718963694555956,4.094241239499711,1.2624472634308097,3.403690345524497
8,2.3660193226571997,0.34369954531694624,4.388339099997453,1.1366455978302978,3.5953930474841016
9,2.8029488443794754,0.4790595168447669,5.126838171914184,1.390250165027069,4.215647523731882
10,1.523088973281002,-1.2536545547276479,4.299832501289652,-0.1649010133503961,3.2110789599124
11,1.3011134923354009,-1.4727545630986238,4.074981547769426,-0.3851284866518483,2.9873554713226502
12,0.7986676234739218,-2.354972801673116,3.9523080486209596,-1.1184390179528487,2.715774264900692
