Date,^STOXX50E
2007-03-01,4181.02978515625
2007-04-01,4392.33984375
2007-05-01,4512.64990234375
2007-06-01,4489.77001953125
2007-07-01,4315.68994140625
2007-08-01,4294.56005859375
2007-09-01,4381.7099609375
2007-10-01,4489.7900390625
2007-11-01,4394.9501953125
2007-12-01,4399.72021484375
2008-01-01,3792.800048828125
2008-02-01,3724.5
2008-03-01,3628.06005859375
2008-04-01,3825.02001953125
2008-05-01,3777.85009765625
2008-06-01,3352.81005859375
2008-07-01,3367.820068359375
2008-08-01,3365.6298828125
2008-09-01,3038.199951171875
2008-10-01,2591.760009765625
2008-11-01,2430.31005859375
2008-12-01,2451.47998046875
2009-01-01,2236.97998046875
2009-02-01,1976.22998046875
2009-03-01,2071.1298828125
2009-04-01,2375.340087890625
2009-05-01,2451.239990234375
2009-06-01,2401.68994140625
2009-07-01,2638.1298828125
2009-08-01,2770.110107421875
2009-09-01,2872.6298828125
2009-10-01,2743.5
2009-11-01,2797.25
2009-12-01,2966.239990234375
2010-01-01,2776.830078125
2010-02-01,2728.469970703125
2010-03-01,2931.159912109375
2010-04-01,2816.860107421875
2010-05-01,2610.260009765625
2010-06-01,2573.320068359375
2010-07-01,2742.139892578125
2010-08-01,2622.949951171875
2010-09-01,2747.89990234375
2010-10-01,2844.989990234375
2010-11-01,2650.989990234375
2010-12-01,2792.820068359375
2011-01-01,2953.6298828125
2011-02-01,3013.090087890625
2011-03-01,2910.909912109375
2011-04-01,3011.25
2011-05-01,2819.39990234375
2011-06-01,2848.530029296875
2011-07-01,2670.3701171875
2011-08-01,2302.080078125
2011-09-01,2179.659912109375
2011-10-01,2385.219970703125
2011-11-01,2330.429931640625
2011-12-01,2316.550048828125
2012-01-01,2416.659912109375
2012-02-01,2512.110107421875
2012-03-01,2477.280029296875
2012-04-01,2306.429931640625
2012-05-01,2118.93994140625
2012-06-01,2264.719970703125
2012-07-01,2325.719970703125
2012-08-01,2440.7099609375
2012-09-01,2454.260009765625
2012-10-01,2503.639892578125
2012-11-01,2575.25
2012-12-01,2635.929931640625
2013-01-01,2702.97998046875
2013-02-01,2633.550048828125
2013-03-01,2624.02001953125
2013-04-01,2712.0
2013-05-01,2769.639892578125
2013-06-01,2602.590087890625
2013-07-01,2768.14990234375
2013-08-01,2721.3701171875
2013-09-01,2893.14990234375
2013-10-01,3067.949951171875
2013-11-01,3086.639892578125
2013-12-01,3109.0
2014-01-01,3013.9599609375
2014-02-01,3149.22998046875
2014-03-01,3161.60009765625
2014-04-01,3198.389892578125
2014-05-01,3244.60009765625
2014-06-01,3228.239990234375
2014-07-01,3115.510009765625
2014-08-01,3172.6298828125
2014-09-01,3225.929931640625
2014-10-01,3113.320068359375
2014-11-01,3250.929931640625
2014-12-01,3146.429931640625
2015-01-01,3351.43994140625
2015-02-01,3599.0
2015-03-01,3697.3798828125
2015-04-01,3615.590087890625
2015-05-01,3570.780029296875
2015-06-01,3424.300048828125
2015-07-01,3600.68994140625
2015-08-01,3269.6298828125
2015-09-01,3100.669921875
2015-10-01,3418.22998046875
2015-11-01,3506.449951171875
2015-12-01,3267.52001953125
2016-01-01,3045.090087890625
2016-02-01,2945.75
2016-03-01,3004.929931640625
2016-04-01,3028.2099609375
2016-05-01,3063.47998046875
2016-06-01,2864.739990234375
2016-07-01,2990.760009765625
2016-08-01,3023.1298828125
2016-09-01,3002.239990234375
2016-10-01,3055.25
2016-11-01,3051.610107421875
2016-12-01,3290.52001953125
2017-01-01,3230.679931640625
2017-02-01,3319.610107421875
2017-03-01,3500.929931640625
2017-04-01,3559.590087890625
2017-05-01,3554.590087890625
2017-06-01,3441.8798828125
2017-07-01,3449.360107421875
2017-08-01,3421.469970703125
2017-09-01,3594.85009765625
2017-10-01,3673.949951171875
2017-11-01,3569.929931640625
2017-12-01,3503.9599609375
2018-01-01,3609.2900390625
2018-02-01,3438.9599609375
2018-03-01,3361.5
2018-04-01,3536.52001953125
2018-05-01,3406.64990234375
2018-06-01,3395.60009765625
2018-07-01,3525.489990234375
2018-08-01,3392.89990234375
2018-09-01,3399.199951171875
2018-10-01,3197.510009765625
2018-11-01,3173.1298828125
2018-12-01,3001.419921875
2019-01-01,3159.429931640625
2019-02-01,3298.260009765625
2019-03-01,3351.7099609375
2019-04-01,3514.6201171875
2019-05-01,3280.429931640625
2019-06-01,3473.68994140625
2019-07-01,3466.85009765625
2019-08-01,3426.760009765625
2019-09-01,3569.449951171875
2019-10-01,3604.409912109375
2019-11-01,3703.580078125
2019-12-01,3745.14990234375
2020-01-01,3640.909912109375
2020-02-01,3329.489990234375
2020-03-01,2786.89990234375
2020-04-01,2927.929931640625
2020-05-01,3050.199951171875
2020-06-01,3234.070068359375
2020-07-01,3174.320068359375
2020-08-01,3272.510009765625
2020-09-01,3193.610107421875
2020-10-01,2958.2099609375
2020-11-01,3492.5400390625
2020-12-01,3552.639892578125
2021-01-01,3481.43994140625
2021-02-01,3636.43994140625
2021-03-01,3919.2099609375
2021-04-01,3974.739990234375
2021-05-01,4039.4599609375
2021-06-01,4064.300048828125
2021-07-01,4089.300048828125
2021-08-01,4196.41015625
2021-09-01,4048.080078125
2021-10-01,4250.56005859375
2021-11-01,4063.06005859375
2021-12-01,4298.41015625
2022-01-01,4174.60009765625
2022-02-01,3924.22998046875
2022-03-01,3902.52001953125
2022-04-01,3802.860107421875
2022-05-01,3789.2099609375
2022-06-01,3454.860107421875
2022-07-01,3708.10009765625
2022-08-01,3517.25
2022-09-01,3318.199951171875
2022-10-01,3617.5400390625
2022-11-01,3964.719970703125
2022-12-01,3793.6201171875
2023-01-01,4163.4501953125
2023-02-01,4238.3798828125
2023-03-01,4315.0498046875
2023-04-01,4359.31005859375
2023-05-01,4218.0400390625
2023-06-01,4399.08984375
2023-07-01,4471.31005859375
2023-08-01,4297.10986328125
2023-09-01,4174.66015625
2023-10-01,4061.1201171875
2023-11-01,4382.47021484375
2023-12-01,4521.64990234375
2024-01-01,4648.39990234375
2024-02-01,4877.77001953125
2024-03-01,5083.419921875
2024-04-01,4921.22021484375
2024-05-01,4983.669921875
2024-06-01,4894.02001953125
2024-07-01,4872.93994140625
2024-08-01,4957.97998046875
2024-09-01,5000.4501953125
2024-10-01,4827.6298828125
2024-11-01,4804.39990234375
2024-12-01,4895.97998046875
2025-01-01,5286.8701171875
2025-02-01,5463.5400390625
2025-03-01,5248.39013671875
2025-04-01,5160.22021484375
2025-05-01,5366.58984375
2025-06-01,5303.240234375
2025-07-01,5319.919921875
2025-08-01,5351.72998046875
2025-09-01,5529.9599609375
2025-10-01,5662.0400390625
2025-11-01,5668.169921875
2025-12-01,5791.41015625
2026-01-01,5947.81005859375
2026-02-01,6138.41015625
2026-03-01,5569.72998046875
2026-04-01,5881.509765625
2026-05-01,6050.5400390625
2026-06-01,6328.08984375
2026-07-01,6358.009765625
2026-08-01,6420.16015625
2026-09-01,6269.02001953125
