asset,R2,policy_rate_ECB_lag2,policy_rate_fed,d_oat10y,d_us10y,dlog_vix,dlog_usd_eur
Luxury,0.33,-0.0153***,+0.0083**,-0.0424,+0.0335,-0.1393***,+0.0193
Finance,0.331,-0.0141**,+0.0082*,-0.1262**,+0.1687***,-0.1870***,+0.5857***
Industry,0.375,-0.0101**,+0.0036,-0.0940**,+0.0993***,-0.1414***,+0.0454
Technology,0.298,-0.0163**,+0.0068,-0.1123***,+0.1589***,-0.1841***,+0.2711
Health,0.241,-0.0071*,+0.0065**,-0.0437*,+0.0185,-0.0833***,-0.2910**
Energy,0.314,-0.0136***,+0.0090**,-0.0836**,+0.0900***,-0.1131***,+0.2392
Consumer,0.278,-0.0110***,+0.0069***,-0.0350,+0.0338*,-0.0878***,-0.0356
Autos,0.259,-0.0216***,+0.0150***,-0.1076**,+0.1240***,-0.1393***,+0.6016**
Telecom,0.216,-0.0050,+0.0002,-0.1116***,+0.1622***,-0.1079***,+0.4696*
BNP Paribas,0.315,-0.0129*,+0.0088*,-0.1472***,+0.1721***,-0.1639***,+0.4197*
LVMH,0.306,-0.0174***,+0.0046,-0.0386,+0.0541*,-0.1623***,+0.0798
Microsoft,0.227,-0.0035,+0.0034,-0.0798**,+0.0840***,-0.1423***,+0.5908**
Apple,0.201,-0.0166**,-0.0009,-0.1537***,+0.0832*,-0.1735***,+0.5799
