index,model,N,R2,policy_rate_ECB_lag2,policy_rate_fed,d_oat10y,d_us10y,dlog_vix,dlog_usd_eur
CAC 40,1,297,0.024,-0.0049***,,,,,
CAC 40,2,297,0.409,-0.0064***,,0.0042,,-0.1448***,
CAC 40,3,297,0.429,-0.0086***,,0.0000,,-0.1422***,0.0189
CAC 40,4,297,0.497,-0.0129***,0.0067***,-0.0761***,0.0876***,-0.1385***,0.2269**
CAC 40,5,297,0.502,-0.0137***,0.0066***,-0.0764***,0.0879***,-0.1385***,0.2279**
S&P 500,1,297,0.003,,-0.0012,,,,
S&P 500,2,297,0.528,,0.0006,,0.0165,-0.1471***,
S&P 500,3,297,0.569,,0.0019,,0.0211**,-0.1416***,0.3610***
S&P 500,4,297,0.606,-0.0082***,0.0063***,-0.0479**,0.0489***,-0.1386***,0.4053***
S&P 500,5,297,0.608,-0.0081***,0.0055***,-0.0479**,0.0487***,-0.1386***,0.4048***
Nasdaq 100,1,297,0.017,,-0.0044*,,,,
Nasdaq 100,2,297,0.366,,-0.0019,,0.0211,-0.1809***,
Nasdaq 100,3,297,0.395,,-0.0007,,0.0314*,-0.1760***,0.4852***
Nasdaq 100,4,297,0.422,-0.0086**,0.0035,-0.0828***,0.0799***,-0.1725***,0.5648***
Nasdaq 100,5,297,0.426,-0.0086*,0.0027,-0.0827***,0.0797***,-0.1725***,0.5643***
