index,variable,period,windows,median coefficient (pts),share significant at 10%,of which negative,of which positive,median s.d. of the policy rate
CAC 40,ECB rate (lag 2),windows ending 2007-2015,106,-1.17,0.95,0.95,0.0,1.08
CAC 40,ECB rate (lag 2),2016-2021,72,-0.74,0.11,0.08,0.03,0.35
CAC 40,ECB rate (lag 2),2022-2024,36,-0.05,0.33,0.22,0.11,0.81
CAC 40,OAT 10y,windows ending 2007-2015,106,3.07,0.28,0.0,0.28,1.08
CAC 40,OAT 10y,2016-2021,72,-1.6,0.0,0.0,0.0,0.35
CAC 40,OAT 10y,2022-2024,36,-2.94,0.33,0.33,0.0,0.81
CAC 40,VIX,windows ending 2007-2015,106,-17.06,1.0,1.0,0.0,1.08
CAC 40,VIX,2016-2021,72,-12.2,1.0,1.0,0.0,0.35
CAC 40,VIX,2022-2024,36,-13.2,1.0,1.0,0.0,0.81
S&P 500,Fed rate,windows ending 2007-2015,106,0.14,0.28,0.15,0.13,1.82
S&P 500,Fed rate,2016-2021,72,-0.02,0.06,0.06,0.0,0.64
S&P 500,Fed rate,2022-2024,36,-0.07,0.0,0.0,0.0,1.4
S&P 500,Treasury 10y,windows ending 2007-2015,106,2.43,0.74,0.0,0.74,1.82
S&P 500,Treasury 10y,2016-2021,72,4.66,0.99,0.0,0.99,0.64
S&P 500,Treasury 10y,2022-2024,36,-0.38,0.06,0.0,0.06,1.4
S&P 500,VIX,windows ending 2007-2015,106,-17.09,1.0,1.0,0.0,1.82
S&P 500,VIX,2016-2021,72,-11.29,1.0,1.0,0.0,0.64
S&P 500,VIX,2022-2024,36,-14.16,1.0,1.0,0.0,1.4
Nasdaq 100,Fed rate,windows ending 2007-2015,106,0.06,0.19,0.13,0.06,1.82
Nasdaq 100,Fed rate,2016-2021,72,-0.1,0.1,0.1,0.0,0.64
Nasdaq 100,Fed rate,2022-2024,36,-0.05,0.03,0.03,0.0,1.4
Nasdaq 100,Treasury 10y,windows ending 2007-2015,106,3.64,0.97,0.0,0.97,1.82
Nasdaq 100,Treasury 10y,2016-2021,72,3.71,0.68,0.0,0.68,0.64
Nasdaq 100,Treasury 10y,2022-2024,36,-4.52,0.31,0.31,0.0,1.4
Nasdaq 100,VIX,windows ending 2007-2015,106,-19.96,1.0,1.0,0.0,1.82
Nasdaq 100,VIX,2016-2021,72,-12.15,1.0,1.0,0.0,0.64
Nasdaq 100,VIX,2022-2024,36,-13.89,1.0,1.0,0.0,1.4
