index,date,sd_rate,rate_values,rate_b,long_rate_b,vix_b,rate_p,long_rate_p,vix_p
CAC 40,2007-03-01,0.94371,11,-0.01319,0.06138,-0.19183,2e-05,0.02193,0.0
CAC 40,2007-04-01,0.94508,11,-0.01295,0.06905,-0.19396,5e-05,0.00985,0.0
CAC 40,2007-05-01,0.94724,11,-0.01264,0.07198,-0.19528,7e-05,0.00801,0.0
CAC 40,2007-06-01,0.94724,11,-0.01228,0.07509,-0.19347,0.00014,0.00664,0.0
CAC 40,2007-07-01,0.94724,11,-0.01235,0.07348,-0.1886,0.00013,0.00816,0.0
CAC 40,2007-08-01,0.94349,12,-0.01205,0.07236,-0.1897,0.00027,0.00761,0.0
CAC 40,2007-09-01,0.93971,12,-0.01236,0.07305,-0.18586,0.0002,0.00719,0.0
CAC 40,2007-10-01,0.93591,12,-0.01295,0.07536,-0.18931,3e-05,0.00548,0.0
CAC 40,2007-11-01,0.92743,12,-0.01232,0.07275,-0.18537,0.00016,0.00656,0.0
CAC 40,2007-12-01,0.91324,12,-0.01306,0.07517,-0.1837,8e-05,0.00581,0.0
CAC 40,2008-01-01,0.89874,12,-0.01455,0.08341,-0.18695,3e-05,0.00216,0.0
CAC 40,2008-02-01,0.88391,12,-0.01347,0.08366,-0.18309,0.0003,0.002,0.0
CAC 40,2008-03-01,0.86873,12,-0.01352,0.08375,-0.18299,0.00051,0.00207,0.0
CAC 40,2008-04-01,0.85319,12,-0.01562,0.07984,-0.17983,0.00016,0.00297,0.0
CAC 40,2008-05-01,0.83727,12,-0.01458,0.08315,-0.18103,0.00013,0.00202,0.0
CAC 40,2008-06-01,0.82094,11,-0.01423,0.06811,-0.19686,0.00013,0.01589,0.0
CAC 40,2008-07-01,0.81074,11,-0.01482,0.06799,-0.19778,0.00014,0.01562,0.0
CAC 40,2008-08-01,0.80037,11,-0.01353,0.06146,-0.19977,0.00056,0.03669,0.0
CAC 40,2008-09-01,0.79464,10,-0.01077,0.06167,-0.18325,0.01675,0.04374,0.0
CAC 40,2008-10-01,0.79464,10,-0.01443,0.07529,-0.18749,7e-05,0.00889,0.0
CAC 40,2008-11-01,0.80324,10,-0.01555,0.07912,-0.18562,3e-05,0.00596,0.0
CAC 40,2008-12-01,0.80324,10,-0.01648,0.08025,-0.18177,3e-05,0.00521,0.0
CAC 40,2009-01-01,0.80324,10,-0.01628,0.0801,-0.18682,6e-05,0.00468,0.0
CAC 40,2009-02-01,0.80305,10,-0.01567,0.0756,-0.18843,0.00014,0.00696,0.0
CAC 40,2009-03-01,0.8072,10,-0.01597,0.07552,-0.18874,0.0001,0.00986,0.0
CAC 40,2009-04-01,0.81105,10,-0.01685,0.07604,-0.19364,5e-05,0.00908,0.0
CAC 40,2009-05-01,0.82238,11,-0.01553,0.07469,-0.19341,0.00012,0.0108,0.0
CAC 40,2009-06-01,0.8381,12,-0.01317,0.06946,-0.19022,0.00429,0.01998,0.0
CAC 40,2009-07-01,0.8586,13,-0.01521,0.05901,-0.18197,0.00017,0.05165,0.0
CAC 40,2009-08-01,0.87779,13,-0.01663,0.05766,-0.18047,6e-05,0.07509,0.0
CAC 40,2009-09-01,0.89576,13,-0.01612,0.04424,-0.16968,0.00013,0.12599,0.0
CAC 40,2009-10-01,0.91258,13,-0.01583,0.04031,-0.16498,5e-05,0.1497,0.0
CAC 40,2009-11-01,0.92831,13,-0.01536,0.04017,-0.15933,0.00021,0.14983,0.0
CAC 40,2009-12-01,0.94301,13,-0.01538,0.03508,-0.15926,0.0001,0.20331,0.0
CAC 40,2010-01-01,0.95673,13,-0.01383,0.03274,-0.16343,0.00118,0.24278,0.0
CAC 40,2010-02-01,0.97218,13,-0.01242,0.02629,-0.15985,0.00775,0.35558,0.0
CAC 40,2010-03-01,0.98695,13,-0.01285,0.02827,-0.1608,0.00396,0.32357,0.0
CAC 40,2010-04-01,1.00106,13,-0.01274,0.02406,-0.15503,0.00395,0.39952,0.0
CAC 40,2010-05-01,1.01488,13,-0.01185,0.03106,-0.16143,0.00698,0.2898,0.0
CAC 40,2010-06-01,1.0282,13,-0.01138,0.03439,-0.16245,0.00839,0.25167,0.0
CAC 40,2010-07-01,1.04104,13,-0.01108,0.03032,-0.15955,0.0106,0.33343,0.0
CAC 40,2010-08-01,1.05221,13,-0.01045,0.03447,-0.16117,0.01506,0.26393,0.0
CAC 40,2010-09-01,1.06313,13,-0.01116,0.03674,-0.15914,0.00794,0.23644,0.0
CAC 40,2010-10-01,1.0738,13,-0.01105,0.03615,-0.15784,0.00746,0.24317,0.0
CAC 40,2010-11-01,1.08423,13,-0.00978,0.02418,-0.16185,0.02262,0.44546,0.0
CAC 40,2010-12-01,1.09444,13,-0.00927,0.02263,-0.16294,0.02776,0.45908,0.0
CAC 40,2011-01-01,1.10442,13,-0.01004,0.02575,-0.16008,0.01391,0.39443,0.0
CAC 40,2011-02-01,1.11418,13,-0.00999,0.02538,-0.16015,0.01303,0.39764,0.0
CAC 40,2011-03-01,1.12373,13,-0.00935,0.02467,-0.15996,0.01835,0.41539,0.0
CAC 40,2011-04-01,1.13307,13,-0.00914,0.02324,-0.15926,0.0205,0.45043,0.0
CAC 40,2011-05-01,1.14221,13,-0.00883,0.02787,-0.16089,0.02362,0.3599,0.0
CAC 40,2011-06-01,1.14795,13,-0.00878,0.02801,-0.16109,0.02349,0.35686,0.0
CAC 40,2011-07-01,1.1536,13,-0.00852,0.02734,-0.16435,0.02798,0.37217,0.0
CAC 40,2011-08-01,1.15914,13,-0.00766,0.04133,-0.17028,0.04603,0.19357,0.0
CAC 40,2011-09-01,1.16214,13,-0.00744,0.04502,-0.17357,0.05194,0.1521,0.0
CAC 40,2011-10-01,1.1651,13,-0.0072,0.04649,-0.17673,0.05552,0.11884,0.0
CAC 40,2011-11-01,1.16802,13,-0.00675,0.03411,-0.17862,0.08532,0.2407,0.0
CAC 40,2011-12-01,1.1709,13,-0.00655,0.03893,-0.17665,0.08944,0.162,0.0
CAC 40,2012-01-01,1.17612,13,-0.00654,0.03938,-0.17657,0.08709,0.15757,0.0
CAC 40,2012-02-01,1.1842,13,-0.00687,0.03711,-0.17685,0.07081,0.18145,0.0
CAC 40,2012-03-01,1.1921,13,-0.00633,0.03633,-0.17645,0.09132,0.18938,0.0
CAC 40,2012-04-01,1.19984,13,-0.00574,0.03363,-0.17866,0.13211,0.23417,0.0
CAC 40,2012-05-01,1.20741,13,-0.00572,0.03591,-0.1768,0.12455,0.19978,0.0
CAC 40,2012-06-01,1.21481,13,-0.00571,0.0372,-0.17603,0.12147,0.17944,0.0
CAC 40,2012-07-01,1.22205,13,-0.00615,0.03065,-0.17447,0.09889,0.26788,0.0
CAC 40,2012-08-01,1.22913,13,-0.00632,0.02935,-0.1751,0.0904,0.28735,0.0
CAC 40,2012-09-01,1.23928,14,-0.00578,0.02963,-0.17341,0.11402,0.28916,0.0
CAC 40,2012-10-01,1.24917,14,-0.00635,0.02943,-0.17091,0.07956,0.29977,0.0
CAC 40,2012-11-01,1.2588,14,-0.0064,0.03066,-0.17211,0.07443,0.28271,0.0
CAC 40,2012-12-01,1.26818,14,-0.00685,0.03089,-0.17007,0.05571,0.27953,0.0
CAC 40,2013-01-01,1.27732,14,-0.00649,0.02954,-0.17002,0.06517,0.2987,0.0
CAC 40,2013-02-01,1.28622,14,-0.00653,0.02963,-0.16989,0.06099,0.30045,0.0
CAC 40,2013-03-01,1.2948,14,-0.0063,0.02978,-0.16752,0.0693,0.29357,0.0
CAC 40,2013-04-01,1.30309,13,-0.00672,0.02647,-0.16671,0.05243,0.35636,0.0
CAC 40,2013-05-01,1.31036,13,-0.00725,0.02858,-0.16446,0.03623,0.3175,0.0
CAC 40,2013-06-01,1.31726,13,-0.00642,0.0188,-0.16916,0.06976,0.51491,0.0
CAC 40,2013-07-01,1.32697,14,-0.00668,0.01823,-0.17175,0.05667,0.52595,0.0
CAC 40,2013-08-01,1.33476,14,-0.00692,0.0197,-0.16977,0.0461,0.49199,0.0
CAC 40,2013-09-01,1.34197,13,-0.00743,0.02287,-0.16889,0.03051,0.42388,0.0
CAC 40,2013-10-01,1.3465,13,-0.00752,0.02272,-0.16838,0.02859,0.42361,0.0
CAC 40,2013-11-01,1.35036,12,-0.00749,0.02312,-0.16832,0.02954,0.41385,0.0
CAC 40,2013-12-01,1.35076,12,-0.00791,0.0208,-0.16918,0.01969,0.45827,0.0
CAC 40,2014-01-01,1.35362,13,-0.00802,0.0209,-0.16836,0.01857,0.4665,0.0
CAC 40,2014-02-01,1.35203,13,-0.00861,0.01828,-0.17583,0.00881,0.51242,0.0
CAC 40,2014-03-01,1.34931,13,-0.00885,0.0198,-0.1749,0.00576,0.47954,0.0
CAC 40,2014-04-01,1.34546,12,-0.0097,0.01364,-0.17434,0.0015,0.61011,0.0
CAC 40,2014-05-01,1.3361,12,-0.00989,0.01399,-0.17193,0.00109,0.59186,0.0
CAC 40,2014-06-01,1.32535,12,-0.01028,0.00799,-0.17581,0.00065,0.75547,0.0
CAC 40,2014-07-01,1.31317,12,-0.01102,0.00667,-0.17804,0.00017,0.79159,0.0
CAC 40,2014-08-01,1.2954,13,-0.01096,0.01022,-0.17381,0.00026,0.688,0.0
CAC 40,2014-09-01,1.27572,13,-0.01145,0.01058,-0.16949,0.00032,0.68148,0.0
CAC 40,2014-10-01,1.25403,13,-0.01186,0.01101,-0.1663,8e-05,0.66567,0.0
CAC 40,2014-11-01,1.23152,14,-0.01284,0.01243,-0.16821,3e-05,0.62563,0.0
CAC 40,2014-12-01,1.20674,14,-0.01362,0.00986,-0.16571,6e-05,0.69419,0.0
CAC 40,2015-01-01,1.17954,14,-0.01265,-0.00104,-0.16231,0.00082,0.96807,0.0
CAC 40,2015-02-01,1.14976,14,-0.01304,-9e-05,-0.16027,0.0007,0.99732,0.0
CAC 40,2015-03-01,1.11718,14,-0.01368,9e-05,-0.15898,0.00066,0.99711,0.0
CAC 40,2015-04-01,1.08156,14,-0.01538,-0.00664,-0.1549,6e-05,0.79973,0.0
CAC 40,2015-05-01,1.04258,14,-0.01592,-0.01377,-0.15392,0.0001,0.58422,0.0
CAC 40,2015-06-01,0.99985,14,-0.01477,-0.01093,-0.15305,0.00206,0.66325,0.0
CAC 40,2015-07-01,0.95286,14,-0.01563,-0.01087,-0.15031,0.00099,0.66451,0.0
CAC 40,2015-08-01,0.90095,13,-0.01816,-0.00682,-0.14357,0.0,0.79191,0.0
CAC 40,2015-09-01,0.83177,13,-0.01956,-0.00939,-0.14813,1e-05,0.70857,0.0
CAC 40,2015-10-01,0.75293,13,-0.01815,-0.00989,-0.14612,0.00065,0.69482,0.0
CAC 40,2015-11-01,0.66098,12,-0.01635,-0.01086,-0.14591,0.01078,0.67092,0.0
CAC 40,2015-12-01,0.5835,11,-0.01232,-0.01889,-0.15008,0.11101,0.5124,0.0
CAC 40,2016-01-01,0.52267,10,-0.00729,-0.01769,-0.14928,0.39654,0.53625,0.0
CAC 40,2016-02-01,0.49175,9,0.00052,-0.01297,-0.14639,0.95972,0.64236,0.0
CAC 40,2016-03-01,0.47684,9,0.0007,-0.01102,-0.14124,0.94778,0.69728,0.0
CAC 40,2016-04-01,0.46026,8,-0.00668,-0.00996,-0.13743,0.45936,0.725,0.0
CAC 40,2016-05-01,0.45726,9,-0.00697,-0.01058,-0.13695,0.43375,0.71062,0.0
CAC 40,2016-06-01,0.45832,9,-0.00316,-0.00643,-0.13876,0.73918,0.81468,0.0
CAC 40,2016-07-01,0.46209,9,-0.00506,-0.00174,-0.13833,0.56149,0.94764,0.0
CAC 40,2016-08-01,0.46553,9,-0.0069,0.00154,-0.13788,0.40267,0.95352,0.0
CAC 40,2016-09-01,0.46863,9,-0.00751,0.00087,-0.13789,0.34562,0.97351,0.0
CAC 40,2016-10-01,0.47141,9,-0.00839,0.00498,-0.1341,0.30117,0.85006,0.0
CAC 40,2016-11-01,0.47386,9,-0.00734,0.00128,-0.13344,0.34762,0.95885,0.0
CAC 40,2016-12-01,0.47601,9,-0.01038,0.00543,-0.13087,0.18199,0.82615,0.0
CAC 40,2017-01-01,0.47784,9,-0.00806,0.00399,-0.12819,0.29369,0.87146,0.0
CAC 40,2017-02-01,0.47937,9,-0.00792,0.00584,-0.12945,0.30058,0.80947,0.0
CAC 40,2017-03-01,0.4806,9,-0.01041,0.00682,-0.12837,0.16565,0.77929,0.0
CAC 40,2017-04-01,0.48152,9,-0.01029,0.00672,-0.12799,0.172,0.78164,0.0
CAC 40,2017-05-01,0.48215,9,-0.00918,0.0035,-0.1251,0.23665,0.8912,0.0
CAC 40,2017-06-01,0.48247,9,-0.0082,0.00491,-0.12537,0.29798,0.84639,0.0
CAC 40,2017-07-01,0.4825,9,-0.00782,0.00336,-0.12416,0.31907,0.89349,0.0
CAC 40,2017-08-01,0.48223,9,-0.00695,0.00037,-0.12366,0.40156,0.9888,0.0
CAC 40,2017-09-01,0.48167,9,-0.00901,0.00026,-0.12325,0.25535,0.99228,0.0
CAC 40,2017-10-01,0.4808,9,-0.01036,0.00173,-0.12198,0.18748,0.94749,0.0
CAC 40,2017-11-01,0.47964,9,-0.00857,0.00816,-0.12058,0.29162,0.76129,0.0
CAC 40,2017-12-01,0.47817,9,-0.00861,0.00581,-0.1195,0.27576,0.83464,0.0
CAC 40,2018-01-01,0.4764,9,-0.01162,0.0061,-0.11864,0.11369,0.8243,0.0
CAC 40,2018-02-01,0.47432,9,-0.01244,0.0047,-0.11783,0.08942,0.86532,0.0
CAC 40,2018-03-01,0.47192,9,-0.0106,0.00749,-0.11793,0.15905,0.7859,0.0
CAC 40,2018-04-01,0.46921,9,-0.01164,0.00644,-0.1193,0.1168,0.81501,0.0
CAC 40,2018-05-01,0.46617,9,-0.01046,0.00505,-0.11892,0.17135,0.85695,0.0
CAC 40,2018-06-01,0.45782,9,-0.0105,0.00517,-0.11921,0.19822,0.85328,0.0
CAC 40,2018-07-01,0.44881,9,-0.00912,0.00563,-0.11644,0.26323,0.84196,0.0
CAC 40,2018-08-01,0.43911,9,-0.00349,-0.01049,-0.11057,0.60618,0.63681,0.0
CAC 40,2018-09-01,0.42115,9,0.00164,-0.0199,-0.10428,0.8097,0.30106,0.0
CAC 40,2018-10-01,0.40159,9,-0.00221,-0.03037,-0.10321,0.76632,0.11474,0.0
CAC 40,2018-11-01,0.38018,9,0.00184,-0.02168,-0.10204,0.82033,0.32838,0.0
CAC 40,2018-12-01,0.35659,8,0.00556,-0.02329,-0.10489,0.55193,0.30094,0.0
CAC 40,2019-01-01,0.3405,7,0.00388,-0.02437,-0.10479,0.70016,0.28052,0.0
CAC 40,2019-02-01,0.33115,7,0.00063,-0.02424,-0.10533,0.95529,0.27802,0.0
CAC 40,2019-03-01,0.32108,7,0.00344,-0.02441,-0.10678,0.73322,0.27441,0.0
CAC 40,2019-04-01,0.31022,7,0.00859,-0.02136,-0.10579,0.24486,0.35441,0.0
CAC 40,2019-05-01,0.29848,7,0.01434,-0.02535,-0.10464,0.03281,0.27621,0.0
CAC 40,2019-06-01,0.28576,7,0.01336,-0.02875,-0.10596,0.05892,0.20719,0.0
CAC 40,2019-07-01,0.27193,7,0.01132,-0.02563,-0.10671,0.12066,0.26701,0.0
CAC 40,2019-08-01,0.25679,6,0.0099,-0.02474,-0.10662,0.22567,0.26886,0.0
CAC 40,2019-09-01,0.24902,6,0.01347,-0.02038,-0.10839,0.12743,0.36764,0.0
CAC 40,2019-10-01,0.24066,6,0.01072,-0.02098,-0.10876,0.18744,0.34343,0.0
CAC 40,2019-11-01,0.23165,6,0.00896,-0.01829,-0.10889,0.28619,0.40463,0.0
CAC 40,2019-12-01,0.22191,6,0.00457,-0.01524,-0.10949,0.62046,0.48989,0.0
CAC 40,2020-01-01,0.21135,6,0.00564,-0.01449,-0.10991,0.56159,0.52035,0.0
CAC 40,2020-02-01,0.19982,6,0.00624,-0.01307,-0.112,0.55318,0.56453,0.0
CAC 40,2020-03-01,0.18716,6,0.01933,-0.03071,-0.12174,0.12674,0.25897,0.0
CAC 40,2020-04-01,0.17311,6,0.01523,-0.02866,-0.12072,0.2992,0.3089,0.0
CAC 40,2020-05-01,0.15731,6,0.00386,-0.02908,-0.12202,0.84139,0.29162,0.0
CAC 40,2020-06-01,0.13915,5,0.02075,-0.01654,-0.12056,0.27863,0.56526,0.0
CAC 40,2020-07-01,0.13111,5,0.01566,-0.015,-0.11664,0.38449,0.60013,0.0
CAC 40,2020-08-01,0.12225,5,0.01191,-0.01556,-0.11634,0.54182,0.59281,0.0
CAC 40,2020-09-01,0.11237,5,-0.00611,-0.02293,-0.11619,0.66767,0.42686,0.0
CAC 40,2020-10-01,0.10119,5,-0.01315,-0.02288,-0.1161,0.41884,0.42833,0.0
CAC 40,2020-11-01,0.0882,5,-0.02013,-0.02204,-0.12842,0.35734,0.45633,0.0
CAC 40,2020-12-01,0.07244,4,-0.03054,-0.02376,-0.12811,0.28971,0.42807,0.0
CAC 40,2021-01-01,0.06862,4,-0.03885,-0.02488,-0.12768,0.19054,0.4137,0.0
CAC 40,2021-02-01,0.06443,4,-0.05468,-0.02089,-0.12753,0.0451,0.48807,0.0
CAC 40,2021-03-01,0.05979,4,-0.05645,-0.02016,-0.12828,0.06269,0.50352,0.0
CAC 40,2021-04-01,0.05461,4,-0.07984,-0.01965,-0.12819,0.01868,0.51337,0.0
CAC 40,2021-05-01,0.04869,4,-0.07598,-0.01766,-0.12856,0.05989,0.54658,0.0
CAC 40,2021-06-01,0.04173,4,-0.06032,-0.01725,-0.12867,0.28738,0.55518,0.0
CAC 40,2021-07-01,0.03308,3,-0.10536,-0.02018,-0.12927,0.19449,0.4837,0.0
CAC 40,2021-08-01,0.02963,3,-0.09088,-0.01964,-0.12949,0.37935,0.4978,0.0
CAC 40,2021-09-01,0.0256,3,-0.2289,-0.01937,-0.13189,0.0928,0.49976,0.0
CAC 40,2021-10-01,0.02064,2,-0.0801,-0.01929,-0.13273,0.68404,0.48273,0.0
CAC 40,2021-11-01,0.02021,2,-0.12303,-0.02028,-0.12868,0.53145,0.45771,0.0
CAC 40,2021-12-01,0.01975,2,-0.139,-0.01823,-0.12922,0.48743,0.50771,0.0
CAC 40,2022-01-01,0.01926,2,-0.25169,-0.00074,-0.12949,0.08916,0.97464,0.0
CAC 40,2022-02-01,0.01875,2,-0.27117,-0.00737,-0.12885,0.06348,0.7241,0.0
CAC 40,2022-03-01,0.01819,2,-0.3169,-0.0086,-0.12613,0.02227,0.68496,0.0
CAC 40,2022-04-01,0.0176,2,-0.33561,0.00187,-0.12353,0.01661,0.91732,0.0
CAC 40,2022-05-01,0.01697,2,-0.31975,-0.00353,-0.12144,0.03207,0.85107,0.0
CAC 40,2022-06-01,0.01629,2,-0.33966,-0.02673,-0.12169,0.04015,0.28161,0.0
CAC 40,2022-07-01,0.01556,2,-0.40043,-0.03289,-0.1217,0.01854,0.21252,0.0
CAC 40,2022-08-01,0.01477,2,-0.46268,-0.03069,-0.12756,0.00732,0.23702,0.0
CAC 40,2022-09-01,0.05585,3,-0.06378,-0.02269,-0.12743,0.22158,0.39797,0.0
CAC 40,2022-10-01,0.07722,3,0.03004,-0.02652,-0.12806,0.50764,0.3405,0.0
CAC 40,2022-11-01,0.15525,4,0.0278,-0.02597,-0.12828,0.00273,0.25177,0.0
CAC 40,2022-12-01,0.20453,4,0.00302,-0.02333,-0.12904,0.80108,0.29369,0.0
CAC 40,2023-01-01,0.2956,5,0.0209,-0.02652,-0.12779,0.0029,0.23311,0.0
CAC 40,2023-02-01,0.39726,6,0.01765,-0.02933,-0.12787,3e-05,0.17894,0.0
CAC 40,2023-03-01,0.47596,6,0.01059,-0.02924,-0.13142,0.03379,0.17307,0.0
CAC 40,2023-04-01,0.56988,6,0.00663,-0.02732,-0.13157,0.18337,0.20479,0.0
CAC 40,2023-05-01,0.67605,7,0.00089,-0.02574,-0.13405,0.88447,0.2338,0.0
CAC 40,2023-06-01,0.76538,7,0.00032,-0.02924,-0.13254,0.94732,0.16237,0.0
CAC 40,2023-07-01,0.85508,8,0.00078,-0.02947,-0.13256,0.84197,0.16503,0.0
CAC 40,2023-08-01,0.94542,9,-0.00085,-0.02912,-0.13325,0.79401,0.16958,0.0
CAC 40,2023-09-01,1.02561,9,-0.0005,-0.02903,-0.1328,0.85739,0.17166,0.0
CAC 40,2023-10-01,1.10797,10,-0.0014,-0.03207,-0.13497,0.57476,0.11986,0.0
CAC 40,2023-11-01,1.19228,11,-0.00131,-0.03069,-0.13609,0.54232,0.14665,0.0
CAC 40,2023-12-01,1.26874,11,-0.00083,-0.03338,-0.1363,0.66559,0.07191,0.0
CAC 40,2024-01-01,1.33867,11,-0.0001,-0.03063,-0.13693,0.96265,0.10658,0.0
CAC 40,2024-02-01,1.40305,11,0.00055,-0.03135,-0.13738,0.79879,0.09649,0.0
CAC 40,2024-03-01,1.46262,11,0.00116,-0.03118,-0.13695,0.59658,0.09737,0.0
CAC 40,2024-04-01,1.51795,11,0.001,-0.03153,-0.13724,0.61611,0.09107,0.0
CAC 40,2024-05-01,1.56948,11,0.00036,-0.0326,-0.13621,0.8492,0.07814,0.0
CAC 40,2024-06-01,1.61758,11,-0.00102,-0.03752,-0.13524,0.65637,0.03903,0.0
CAC 40,2024-07-01,1.66255,11,-0.00043,-0.03751,-0.13328,0.82646,0.04481,0.0
CAC 40,2024-08-01,1.69859,11,-0.00061,-0.03724,-0.13313,0.74714,0.04439,0.0
CAC 40,2024-09-01,1.73239,11,-0.00038,-0.03719,-0.13236,0.83398,0.04467,0.0
CAC 40,2024-10-01,1.76408,11,-0.00019,-0.03818,-0.13245,0.91595,0.03653,0.0
CAC 40,2024-11-01,1.7823,12,-0.00109,-0.04366,-0.12334,0.55908,0.01553,0.0
CAC 40,2024-12-01,1.79531,13,-0.00082,-0.04633,-0.12123,0.64923,0.01072,0.0
S&P 500,2007-03-01,1.8896,21,-0.00057,0.02831,-0.17463,0.73192,0.05182,0.0
S&P 500,2007-04-01,1.87789,20,-0.00024,0.0294,-0.1748,0.88641,0.04819,0.0
S&P 500,2007-05-01,1.85608,20,0.0006,0.03691,-0.17736,0.71938,0.01062,0.0
S&P 500,2007-06-01,1.83388,20,0.00064,0.03758,-0.17665,0.70521,0.00915,0.0
S&P 500,2007-07-01,1.8113,20,0.00092,0.03739,-0.17098,0.60868,0.00961,0.0
S&P 500,2007-08-01,1.7883,20,0.00069,0.03733,-0.16788,0.71485,0.00868,0.0
S&P 500,2007-09-01,1.75838,20,0.00094,0.03779,-0.16535,0.61963,0.00761,0.0
S&P 500,2007-10-01,1.72498,20,0.00083,0.03797,-0.16599,0.68025,0.00754,0.0
S&P 500,2007-11-01,1.69059,20,0.00151,0.03873,-0.16103,0.43387,0.00439,0.0
S&P 500,2007-12-01,1.65268,19,0.00144,0.03883,-0.16085,0.47271,0.007,0.0
S&P 500,2008-01-01,1.62991,19,0.00147,0.04097,-0.16218,0.4815,0.0039,0.0
S&P 500,2008-02-01,1.60625,18,0.00208,0.04113,-0.15583,0.27751,0.00381,0.0
S&P 500,2008-03-01,1.59222,18,0.0027,0.03801,-0.15698,0.13799,0.00339,0.0
S&P 500,2008-04-01,1.5859,18,0.00234,0.03573,-0.15564,0.21404,0.00508,0.0
S&P 500,2008-05-01,1.58423,18,0.00257,0.03649,-0.15581,0.16767,0.00522,0.0
S&P 500,2008-06-01,1.58413,18,0.00316,0.03063,-0.1692,0.0841,0.0144,0.0
S&P 500,2008-07-01,1.58375,18,0.00318,0.03093,-0.16934,0.08192,0.01223,0.0
S&P 500,2008-08-01,1.58464,18,0.00327,0.02868,-0.16735,0.06949,0.01809,0.0
S&P 500,2008-09-01,1.58701,18,0.00312,0.02646,-0.1586,0.06917,0.03499,0.0
S&P 500,2008-10-01,1.5989,18,0.00429,0.02156,-0.17913,0.02653,0.09281,0.0
S&P 500,2008-11-01,1.60853,18,0.00497,0.02728,-0.1741,0.02643,0.02051,0.0
S&P 500,2008-12-01,1.63065,19,0.00501,0.02811,-0.17358,0.02376,0.00244,0.0
S&P 500,2009-01-01,1.65224,19,0.00561,0.02611,-0.17781,0.01846,0.00349,0.0
S&P 500,2009-02-01,1.67333,19,0.0068,0.01782,-0.1795,0.0177,0.10564,0.0
S&P 500,2009-03-01,1.69393,19,0.00579,0.01783,-0.181,0.02359,0.12888,0.0
S&P 500,2009-04-01,1.71406,19,0.00503,0.02001,-0.18455,0.05294,0.07402,0.0
S&P 500,2009-05-01,1.73374,19,0.00483,0.02109,-0.18643,0.06054,0.05319,0.0
S&P 500,2009-06-01,1.75299,19,0.00485,0.01905,-0.18403,0.05429,0.06993,0.0
S&P 500,2009-07-01,1.77181,19,0.00388,0.01489,-0.18021,0.14768,0.18142,0.0
S&P 500,2009-08-01,1.79022,19,0.00354,0.01643,-0.1798,0.19244,0.17858,0.0
S&P 500,2009-09-01,1.80823,19,0.00279,0.00858,-0.17239,0.32531,0.46087,0.0
S&P 500,2009-10-01,1.82586,19,0.0027,0.00772,-0.16702,0.32971,0.497,0.0
S&P 500,2009-11-01,1.83969,19,0.00267,0.00694,-0.16721,0.33649,0.54008,0.0
S&P 500,2009-12-01,1.85332,19,0.0024,0.00668,-0.16586,0.37856,0.56706,0.0
S&P 500,2010-01-01,1.86675,19,0.00246,0.00636,-0.16621,0.35558,0.5901,0.0
S&P 500,2010-02-01,1.87998,19,0.00241,0.00566,-0.16589,0.36381,0.63992,0.0
S&P 500,2010-03-01,1.89303,19,0.00211,0.00607,-0.167,0.41983,0.62553,0.0
S&P 500,2010-04-01,1.9059,19,0.00169,0.00607,-0.15858,0.51581,0.6299,0.0
S&P 500,2010-05-01,1.91858,19,0.00206,0.01119,-0.16091,0.39307,0.32545,0.0
S&P 500,2010-06-01,1.92901,19,0.00244,0.01377,-0.16225,0.29869,0.22581,0.0
S&P 500,2010-07-01,1.93932,19,0.00242,0.0121,-0.1636,0.30013,0.31001,0.0
S&P 500,2010-08-01,1.94952,19,0.00263,0.01295,-0.1646,0.25193,0.28175,0.0
S&P 500,2010-09-01,1.95962,19,0.00225,0.01361,-0.16848,0.32233,0.27372,0.0
S&P 500,2010-10-01,1.9696,19,0.00209,0.01329,-0.16967,0.35322,0.29036,0.0
S&P 500,2010-11-01,1.97948,19,0.00202,0.01404,-0.16912,0.36335,0.2626,0.0
S&P 500,2010-12-01,1.98926,19,0.0023,0.01558,-0.17352,0.29771,0.18244,0.0
S&P 500,2011-01-01,1.99893,19,0.00202,0.01658,-0.17164,0.3574,0.16787,0.0
S&P 500,2011-02-01,2.0085,19,0.00185,0.01727,-0.17236,0.39293,0.16019,0.0
S&P 500,2011-03-01,2.01797,19,0.00193,0.01801,-0.17307,0.37011,0.13848,0.0
S&P 500,2011-04-01,2.02734,19,0.00186,0.02054,-0.1726,0.37879,0.09517,0.0
S&P 500,2011-05-01,2.03662,19,0.0018,0.02162,-0.173,0.38335,0.08058,0.0
S&P 500,2011-06-01,2.04758,19,0.00182,0.02165,-0.17297,0.36819,0.07783,0.0
S&P 500,2011-07-01,2.05839,18,0.00136,0.02087,-0.16448,0.4926,0.10146,0.0
S&P 500,2011-08-01,2.07041,17,0.00141,0.02204,-0.16499,0.46512,0.05994,0.0
S&P 500,2011-09-01,2.08318,17,0.0015,0.02263,-0.16725,0.4232,0.05369,0.0
S&P 500,2011-10-01,2.0957,16,0.00138,0.02391,-0.17433,0.4574,0.0427,0.0
S&P 500,2011-11-01,2.10848,16,0.00146,0.0243,-0.17416,0.42338,0.0393,0.0
S&P 500,2011-12-01,2.12109,16,0.00157,0.02391,-0.17309,0.38748,0.04078,0.0
S&P 500,2012-01-01,2.13331,16,0.00152,0.02404,-0.17418,0.39104,0.04122,0.0
S&P 500,2012-02-01,2.14486,15,0.00135,0.02432,-0.17441,0.43661,0.04066,0.0
S&P 500,2012-03-01,2.15529,15,0.00137,0.02451,-0.17393,0.41874,0.04368,0.0
S&P 500,2012-04-01,2.16522,14,0.00131,0.02419,-0.17336,0.42856,0.0483,0.0
S&P 500,2012-05-01,2.17352,14,0.0013,0.02444,-0.17312,0.42138,0.0485,0.0
S&P 500,2012-06-01,2.17974,14,0.00142,0.02454,-0.1721,0.37309,0.04601,0.0
S&P 500,2012-07-01,2.1853,13,0.00121,0.02351,-0.17079,0.44252,0.0591,0.0
S&P 500,2012-08-01,2.18824,12,0.00121,0.02365,-0.17073,0.4309,0.05651,0.0
S&P 500,2012-09-01,2.18808,12,0.00123,0.02364,-0.171,0.41893,0.0567,0.0
S&P 500,2012-10-01,2.18706,11,0.00114,0.02285,-0.17167,0.44264,0.07103,0.0
S&P 500,2012-11-01,2.18233,10,0.00131,0.02346,-0.17168,0.37386,0.06224,0.0
S&P 500,2012-12-01,2.17335,10,0.00122,0.02414,-0.17052,0.39994,0.05698,0.0
S&P 500,2013-01-01,2.1595,10,0.00098,0.02445,-0.1711,0.50511,0.0518,0.0
S&P 500,2013-02-01,2.14428,10,0.00101,0.02562,-0.17072,0.48226,0.04356,0.0
S&P 500,2013-03-01,2.1234,10,0.00113,0.02609,-0.17112,0.43107,0.04091,0.0
S&P 500,2013-04-01,2.10084,10,0.00098,0.02491,-0.17052,0.49622,0.05719,0.0
S&P 500,2013-05-01,2.07166,9,0.00062,0.02635,-0.16931,0.67901,0.04783,0.0
S&P 500,2013-06-01,2.03494,9,0.00124,0.02469,-0.17365,0.37736,0.05037,0.0
S&P 500,2013-07-01,1.99567,9,0.00101,0.02443,-0.17422,0.48815,0.04988,0.0
S&P 500,2013-08-01,1.95367,9,0.00121,0.02393,-0.17526,0.41688,0.05406,0.0
S&P 500,2013-09-01,1.90878,9,0.00093,0.02468,-0.17483,0.5415,0.0483,0.0
S&P 500,2013-10-01,1.86078,9,0.00075,0.02409,-0.17513,0.64075,0.05236,0.0
S&P 500,2013-11-01,1.80944,9,0.00052,0.0248,-0.17468,0.75683,0.04663,0.0
S&P 500,2013-12-01,1.75444,9,0.00018,0.02541,-0.1744,0.92074,0.04104,0.0
S&P 500,2014-01-01,1.69545,9,0.00038,0.02616,-0.17402,0.84299,0.03825,0.0
S&P 500,2014-02-01,1.63202,9,-0.00034,0.02575,-0.17769,0.86447,0.03943,0.0
S&P 500,2014-03-01,1.56361,9,-0.00041,0.02581,-0.17758,0.85297,0.03943,0.0
S&P 500,2014-04-01,1.48955,9,-0.0012,0.02447,-0.17653,0.60377,0.05099,0.0
S&P 500,2014-05-01,1.40893,9,-0.00168,0.02421,-0.17511,0.50251,0.05206,0.0
S&P 500,2014-06-01,1.32057,9,-0.0023,0.02248,-0.17573,0.40579,0.08961,0.0
S&P 500,2014-07-01,1.22277,9,-0.00413,0.02129,-0.17423,0.13791,0.11587,0.0
S&P 500,2014-08-01,1.11305,8,-0.00557,0.02348,-0.17094,0.05477,0.07913,0.0
S&P 500,2014-09-01,1.01441,7,-0.0065,0.02459,-0.16669,0.04817,0.06812,0.0
S&P 500,2014-10-01,0.91543,7,-0.009,0.0232,-0.16537,0.0013,0.08301,0.0
S&P 500,2014-11-01,0.80096,6,-0.0114,0.0252,-0.16617,1e-05,0.06286,0.0
S&P 500,2014-12-01,0.68093,5,-0.01507,0.02412,-0.1592,0.0,0.08314,0.0
S&P 500,2015-01-01,0.61653,5,-0.01538,0.02567,-0.15963,2e-05,0.06628,0.0
S&P 500,2015-02-01,0.54239,4,-0.01566,0.02518,-0.15618,0.00104,0.07093,0.0
S&P 500,2015-03-01,0.49835,3,-0.01759,0.02627,-0.15551,0.00111,0.06517,0.0
S&P 500,2015-04-01,0.46096,3,-0.02131,0.02521,-0.15213,0.00141,0.07823,0.0
S&P 500,2015-05-01,0.41905,3,-0.02321,0.02378,-0.1506,0.00808,0.09155,0.0
S&P 500,2015-06-01,0.3711,3,-0.02103,0.02539,-0.14934,0.06082,0.07137,0.0
S&P 500,2015-07-01,0.31436,3,-0.02566,0.02574,-0.14258,0.08767,0.07117,0.0
S&P 500,2015-08-01,0.24274,3,-0.04705,0.02484,-0.12487,0.01615,0.10745,0.0
S&P 500,2015-09-01,0.1342,2,-0.13316,0.02519,-0.12766,0.0,0.10753,0.0
S&P 500,2015-10-01,0.09547,2,-0.10146,0.02763,-0.12556,0.0,0.08448,0.0
S&P 500,2015-11-01,0.0,1,0.06877,0.02739,-0.12567,0.00316,0.08299,0.0
S&P 500,2015-12-01,0.02728,2,-0.04198,0.02323,-0.12722,0.00568,0.33379,0.0
S&P 500,2016-01-01,0.03834,2,-0.11372,0.02746,-0.12377,4e-05,0.22101,0.0
S&P 500,2016-02-01,0.04667,2,-0.07911,0.04221,-0.1201,0.00169,0.01026,0.0
S&P 500,2016-03-01,0.05356,2,-0.05423,0.04425,-0.12085,0.03997,0.00474,0.0
S&P 500,2016-04-01,0.05951,2,-0.03343,0.04307,-0.11826,0.29665,0.00645,0.0
S&P 500,2016-05-01,0.06477,2,-0.03248,0.04326,-0.11833,0.2396,0.00801,0.0
S&P 500,2016-06-01,0.06951,2,-0.02281,0.04916,-0.11775,0.40788,0.00087,0.0
S&P 500,2016-07-01,0.07383,2,-0.01598,0.05259,-0.11729,0.52186,0.00011,0.0
S&P 500,2016-08-01,0.07779,2,-0.01305,0.05243,-0.11723,0.55863,9e-05,0.0
S&P 500,2016-09-01,0.08145,2,-0.01591,0.05398,-0.11695,0.43118,3e-05,0.0
S&P 500,2016-10-01,0.08484,2,-0.01733,0.05387,-0.11679,0.35054,3e-05,0.0
S&P 500,2016-11-01,0.08801,2,-0.02301,0.05142,-0.11512,0.24398,4e-05,0.0
S&P 500,2016-12-01,0.10145,3,-0.01961,0.05319,-0.11514,0.17589,1e-05,0.0
S&P 500,2017-01-01,0.11298,3,-0.02027,0.0555,-0.11368,0.09181,1e-05,0.0
S&P 500,2017-02-01,0.12316,3,-0.00412,0.05472,-0.11312,0.79717,1e-05,0.0
S&P 500,2017-03-01,0.14455,4,-0.00878,0.05428,-0.11236,0.39391,1e-05,0.0
S&P 500,2017-04-01,0.16267,4,-0.00766,0.05274,-0.11393,0.35151,0.0,0.0
S&P 500,2017-05-01,0.17852,4,-0.00726,0.04903,-0.1117,0.28584,1e-05,0.0
S&P 500,2017-06-01,0.20454,5,-0.00422,0.04537,-0.11083,0.43747,6e-05,0.0
S&P 500,2017-07-01,0.22698,5,-0.00397,0.04723,-0.10837,0.37754,3e-05,0.0
S&P 500,2017-08-01,0.24681,5,-0.00404,0.0437,-0.10793,0.33142,0.00035,0.0
S&P 500,2017-09-01,0.26462,5,-0.00219,0.04509,-0.1063,0.51217,0.0001,0.0
S&P 500,2017-10-01,0.28079,5,0.00026,0.04691,-0.10513,0.93535,3e-05,0.0
S&P 500,2017-11-01,0.29559,5,0.00359,0.04779,-0.10384,0.45011,4e-05,0.0
S&P 500,2017-12-01,0.31844,6,0.0026,0.04766,-0.10383,0.49672,0.00029,0.0
S&P 500,2018-01-01,0.3391,6,0.00901,0.05016,-0.10136,0.14204,0.00016,0.0
S&P 500,2018-02-01,0.35794,6,0.00625,0.04627,-0.10432,0.20604,0.00039,0.0
S&P 500,2018-03-01,0.38445,7,0.00155,0.04777,-0.10367,0.79391,0.00032,0.0
S&P 500,2018-04-01,0.40847,7,-0.00156,0.04863,-0.10171,0.82083,0.00036,0.0
S&P 500,2018-05-01,0.4304,7,-0.00108,0.04832,-0.10177,0.85609,0.00057,0.0
S&P 500,2018-06-01,0.45952,8,-0.00074,0.04723,-0.10161,0.88351,0.00076,0.0
S&P 500,2018-07-01,0.486,8,-0.0001,0.04678,-0.10334,0.98274,0.00062,0.0
S&P 500,2018-08-01,0.51025,8,0.00129,0.04233,-0.10279,0.77248,0.00529,0.0
S&P 500,2018-09-01,0.54121,9,-0.00028,0.0351,-0.09936,0.94127,0.00601,0.0
S&P 500,2018-10-01,0.56949,9,-0.00126,0.02884,-0.09867,0.72524,0.01026,0.0
S&P 500,2018-11-01,0.59547,9,-0.00166,0.02764,-0.09872,0.61519,0.01498,0.0
S&P 500,2018-12-01,0.62773,10,-0.00512,0.0371,-0.10331,0.23111,0.00681,0.0
S&P 500,2019-01-01,0.6573,10,-0.00303,0.03487,-0.10663,0.3883,0.00603,0.0
S&P 500,2019-02-01,0.68454,10,-0.00202,0.03474,-0.10679,0.54848,0.0057,0.0
S&P 500,2019-03-01,0.70971,10,-0.00167,0.0346,-0.10708,0.60512,0.0072,0.0
S&P 500,2019-04-01,0.73303,10,-0.00052,0.03402,-0.10731,0.88241,0.00937,0.0
S&P 500,2019-05-01,0.75466,10,-0.00207,0.03187,-0.10745,0.48991,0.01467,0.0
S&P 500,2019-06-01,0.77476,10,-0.00063,0.02436,-0.10988,0.83597,0.07215,0.0
S&P 500,2019-07-01,0.79344,10,0.0,0.02563,-0.1102,0.99946,0.05773,0.0
S&P 500,2019-08-01,0.80519,10,2e-05,0.02538,-0.11016,0.99447,0.03959,0.0
S&P 500,2019-09-01,0.81152,10,-0.00019,0.02474,-0.10966,0.94507,0.04545,0.0
S&P 500,2019-10-01,0.8137,10,-0.00051,0.02451,-0.10866,0.85476,0.04852,0.0
S&P 500,2019-11-01,0.81549,10,-0.00051,0.02436,-0.10962,0.85354,0.04839,0.0
S&P 500,2019-12-01,0.81687,10,4e-05,0.02515,-0.10937,0.98708,0.04183,0.0
S&P 500,2020-01-01,0.81786,10,0.00046,0.02326,-0.10695,0.87036,0.05878,0.0
S&P 500,2020-02-01,0.81845,10,0.00049,0.02418,-0.10876,0.85805,0.04103,0.0
S&P 500,2020-03-01,0.81845,10,0.0025,0.04869,-0.11275,0.4653,0.03185,0.0
S&P 500,2020-04-01,0.81845,10,0.00193,0.04424,-0.11968,0.53757,0.01962,0.0
S&P 500,2020-05-01,0.81845,10,0.00215,0.04223,-0.12127,0.4925,0.02901,0.0
S&P 500,2020-06-01,0.81845,10,0.00153,0.04843,-0.12028,0.62397,0.01277,0.0
S&P 500,2020-07-01,0.81845,10,0.00121,0.04743,-0.12135,0.70151,0.02095,0.0
S&P 500,2020-08-01,0.81845,10,5e-05,0.05057,-0.11907,0.98749,0.01717,0.0
S&P 500,2020-09-01,0.81845,10,0.00089,0.04897,-0.1192,0.78534,0.01914,0.0
S&P 500,2020-10-01,0.81845,10,0.00117,0.0508,-0.11833,0.71988,0.01467,0.0
S&P 500,2020-11-01,0.81845,10,0.00117,0.05065,-0.12015,0.71897,0.0141,0.0
S&P 500,2020-12-01,0.81845,10,0.00075,0.05149,-0.11939,0.81812,0.01533,0.0
S&P 500,2021-01-01,0.81845,10,0.00041,0.05263,-0.11777,0.90231,0.01415,0.0
S&P 500,2021-02-01,0.81845,10,0.00066,0.05204,-0.11701,0.84243,0.0135,0.0
S&P 500,2021-03-01,0.81845,10,0.00084,0.04787,-0.11541,0.80199,0.01964,0.0
S&P 500,2021-04-01,0.81845,10,0.0003,0.04816,-0.11558,0.92965,0.02035,0.0
S&P 500,2021-05-01,0.81845,10,0.00049,0.04833,-0.11534,0.88393,0.0203,0.0
S&P 500,2021-06-01,0.81845,10,0.00046,0.0477,-0.1155,0.89094,0.02185,0.0
S&P 500,2021-07-01,0.81845,10,0.00019,0.04485,-0.11614,0.9553,0.03322,0.0
S&P 500,2021-08-01,0.81845,10,-1e-05,0.04419,-0.11675,0.99668,0.03797,0.0
S&P 500,2021-09-01,0.81845,10,0.00036,0.04283,-0.11863,0.91422,0.04399,0.0
S&P 500,2021-10-01,0.81845,10,0.00038,0.04382,-0.11879,0.91062,0.03952,0.0
S&P 500,2021-11-01,0.81845,10,-0.00018,0.044,-0.11479,0.95867,0.04388,0.0
S&P 500,2021-12-01,0.81845,10,0.00056,0.04651,-0.11552,0.87083,0.02942,0.0
S&P 500,2022-01-01,0.81845,10,0.00061,0.03958,-0.1178,0.86226,0.08391,0.0
S&P 500,2022-02-01,0.81845,10,0.00076,0.03825,-0.11974,0.83148,0.09659,0.0
S&P 500,2022-03-01,0.81621,10,0.00071,0.03645,-0.11773,0.84451,0.11723,0.0
S&P 500,2022-04-01,0.81395,10,0.00064,0.02129,-0.12297,0.86321,0.42395,0.0
S&P 500,2022-05-01,0.80985,10,0.00041,0.01981,-0.12134,0.91336,0.47851,0.0
S&P 500,2022-06-01,0.80972,10,-0.00113,0.01088,-0.1224,0.77987,0.72454,0.0
S&P 500,2022-07-01,0.82125,10,-0.0006,0.00649,-0.12745,0.87688,0.83811,0.0
S&P 500,2022-08-01,0.83174,10,-0.00046,0.00904,-0.13413,0.90866,0.77112,0.0
S&P 500,2022-09-01,0.8601,11,-0.00449,-0.00903,-0.13659,0.29516,0.77696,0.0
S&P 500,2022-10-01,0.8861,11,-0.00259,-0.00132,-0.13919,0.45178,0.96172,0.0
S&P 500,2022-11-01,0.9339,12,-0.00184,-0.00175,-0.14008,0.56287,0.94958,0.0
S&P 500,2022-12-01,0.99833,13,-0.00408,0.0018,-0.14018,0.175,0.94792,0.0
S&P 500,2023-01-01,1.05668,13,-0.00282,-0.00137,-0.14028,0.32365,0.96095,0.0
S&P 500,2023-02-01,1.11882,14,-0.0035,-0.00402,-0.1403,0.15164,0.88599,0.0
S&P 500,2023-03-01,1.18439,15,-0.00277,-0.0043,-0.14088,0.22717,0.87861,0.0
S&P 500,2023-04-01,1.24419,15,-0.00295,-0.00363,-0.14081,0.1693,0.89731,0.0
S&P 500,2023-05-01,1.3074,16,-0.00237,-0.00264,-0.14045,0.23331,0.92487,0.0
S&P 500,2023-06-01,1.36533,16,-0.00175,-0.00082,-0.14173,0.37017,0.97643,0.0
S&P 500,2023-07-01,1.42659,17,-0.00117,-0.00011,-0.14237,0.55838,0.99678,0.0
S&P 500,2023-08-01,1.48292,17,-0.00163,-0.00192,-0.14255,0.34688,0.94262,0.0
S&P 500,2023-09-01,1.53484,17,-0.00201,-0.00257,-0.14335,0.22221,0.92229,0.0
S&P 500,2023-10-01,1.5828,17,-0.00228,-0.00447,-0.14365,0.16483,0.85953,0.0
S&P 500,2023-11-01,1.62715,17,-0.00177,-0.00642,-0.1462,0.23027,0.80533,0.0
S&P 500,2023-12-01,1.67048,17,-0.0012,-0.01224,-0.14597,0.42539,0.63534,0.0
S&P 500,2024-01-01,1.71083,17,-0.00081,-0.01236,-0.1455,0.61611,0.63332,0.0
S&P 500,2024-02-01,1.7484,16,-0.00014,-0.01061,-0.14644,0.93576,0.67563,0.0
S&P 500,2024-03-01,1.78539,16,2e-05,-0.0105,-0.14663,0.99227,0.68016,0.0
S&P 500,2024-04-01,1.82003,16,-0.00034,-0.01334,-0.14783,0.83562,0.59427,0.0
S&P 500,2024-05-01,1.85245,16,-0.00026,-0.01354,-0.14815,0.87103,0.58848,0.0
S&P 500,2024-06-01,1.88455,16,-6e-05,-0.01425,-0.1482,0.96824,0.56831,0.0
S&P 500,2024-07-01,1.91475,16,0.00037,-0.01524,-0.14598,0.81422,0.54751,0.0
S&P 500,2024-08-01,1.94315,16,0.00027,-0.01474,-0.14588,0.85996,0.5492,0.0
S&P 500,2024-09-01,1.96103,16,0.00042,-0.01567,-0.14549,0.78455,0.52386,0.0
S&P 500,2024-10-01,1.97772,16,0.00077,-0.01377,-0.1441,0.62239,0.56722,0.0
S&P 500,2024-11-01,1.98962,15,0.00067,-0.0156,-0.14158,0.65931,0.50505,0.0
S&P 500,2024-12-01,1.99906,15,0.00066,-0.01559,-0.14164,0.66537,0.50567,0.0
Nasdaq 100,2007-03-01,1.8896,21,-0.00693,0.04583,-0.35786,0.09446,0.16782,0.0
Nasdaq 100,2007-04-01,1.87789,20,-0.00575,0.04385,-0.35636,0.16629,0.21799,0.0
Nasdaq 100,2007-05-01,1.85608,20,-0.00348,0.06535,-0.36279,0.42246,0.00977,0.0
Nasdaq 100,2007-06-01,1.83388,20,-0.00418,0.08243,-0.34194,0.31135,0.00159,0.0
Nasdaq 100,2007-07-01,1.8113,20,-0.00339,0.0817,-0.31776,0.4522,0.00142,0.0
Nasdaq 100,2007-08-01,1.7883,20,-0.00417,0.08176,-0.30737,0.38306,0.00084,0.0
Nasdaq 100,2007-09-01,1.75838,20,-0.00361,0.08248,-0.30292,0.46057,0.00065,0.0
Nasdaq 100,2007-10-01,1.72498,20,-0.00285,0.08334,-0.30115,0.57968,0.00055,0.0
Nasdaq 100,2007-11-01,1.69059,20,-0.00013,0.08413,-0.28026,0.97635,0.00026,0.0
Nasdaq 100,2007-12-01,1.65268,19,0.00071,0.07704,-0.28533,0.87004,0.0008,0.0
Nasdaq 100,2008-01-01,1.62991,19,0.00011,0.08286,-0.28184,0.98208,0.00037,0.0
Nasdaq 100,2008-02-01,1.60625,18,0.00252,0.08397,-0.2562,0.49367,0.00039,0.0
Nasdaq 100,2008-03-01,1.59222,18,0.00422,0.0727,-0.26062,0.2102,0.00018,0.0
Nasdaq 100,2008-04-01,1.5859,18,0.00328,0.06613,-0.25594,0.34018,0.00064,0.0
Nasdaq 100,2008-05-01,1.58423,18,0.00378,0.07184,-0.26029,0.25864,0.00025,0.0
Nasdaq 100,2008-06-01,1.58413,18,0.00415,0.06788,-0.2691,0.21133,0.00042,0.0
Nasdaq 100,2008-07-01,1.58375,18,0.00433,0.06788,-0.26631,0.18649,0.00045,0.0
Nasdaq 100,2008-08-01,1.58464,18,0.00454,0.06291,-0.26149,0.15822,0.0006,0.0
Nasdaq 100,2008-09-01,1.58701,18,0.00436,0.05512,-0.24199,0.1637,0.00575,0.0
Nasdaq 100,2008-10-01,1.5989,18,0.0054,0.05778,-0.25753,0.08917,0.00135,0.0
Nasdaq 100,2008-11-01,1.60853,18,0.00652,0.06562,-0.24364,0.06047,0.00034,0.0
Nasdaq 100,2008-12-01,1.63065,19,0.00605,0.06185,-0.2475,0.06252,2e-05,0.0
Nasdaq 100,2009-01-01,1.65224,19,0.00576,0.06215,-0.24873,0.06209,2e-05,0.0
Nasdaq 100,2009-02-01,1.67333,19,0.00594,0.05561,-0.2487,0.04676,0.00015,0.0
Nasdaq 100,2009-03-01,1.69393,19,0.00478,0.05591,-0.25069,0.10696,0.00031,0.0
Nasdaq 100,2009-04-01,1.71406,19,0.00372,0.05779,-0.24982,0.22101,0.0002,0.0
Nasdaq 100,2009-05-01,1.73374,19,0.00389,0.05394,-0.2488,0.17335,0.00039,0.0
Nasdaq 100,2009-06-01,1.75299,19,0.00367,0.05,-0.24172,0.19007,0.00075,0.0
Nasdaq 100,2009-07-01,1.77181,19,0.00268,0.04615,-0.23878,0.34747,0.0039,0.0
Nasdaq 100,2009-08-01,1.79022,19,0.00254,0.04607,-0.23853,0.36738,0.00576,0.0
Nasdaq 100,2009-09-01,1.80823,19,0.00167,0.0383,-0.23178,0.56982,0.02302,0.0
Nasdaq 100,2009-10-01,1.82586,19,0.00178,0.0362,-0.22051,0.54103,0.02455,0.0
Nasdaq 100,2009-11-01,1.83969,19,0.00206,0.03407,-0.21714,0.48156,0.03065,0.0
Nasdaq 100,2009-12-01,1.85332,19,0.00134,0.03415,-0.21479,0.63678,0.03568,0.0
Nasdaq 100,2010-01-01,1.86675,19,0.00183,0.03298,-0.21829,0.51732,0.04323,0.0
Nasdaq 100,2010-02-01,1.87998,19,0.00195,0.03357,-0.21754,0.4855,0.03904,0.0
Nasdaq 100,2010-03-01,1.89303,19,0.00161,0.03397,-0.21879,0.55995,0.04032,0.0
Nasdaq 100,2010-04-01,1.9059,19,0.00104,0.0349,-0.21195,0.70509,0.03846,0.0
Nasdaq 100,2010-05-01,1.91858,19,0.00121,0.03932,-0.20804,0.64897,0.00977,0.0
Nasdaq 100,2010-06-01,1.92901,19,0.0016,0.04176,-0.20949,0.53842,0.00554,0.0
Nasdaq 100,2010-07-01,1.93932,19,0.00177,0.03756,-0.20871,0.49217,0.01204,0.0
Nasdaq 100,2010-08-01,1.94952,19,0.00202,0.03674,-0.20937,0.42602,0.01228,0.0
Nasdaq 100,2010-09-01,1.95962,19,0.00139,0.03698,-0.21343,0.58264,0.01692,0.0
Nasdaq 100,2010-10-01,1.9696,19,0.00114,0.03624,-0.21413,0.65198,0.02086,0.0
Nasdaq 100,2010-11-01,1.97948,19,0.0011,0.03663,-0.21385,0.66136,0.01978,0.0
Nasdaq 100,2010-12-01,1.98926,19,0.00156,0.0325,-0.21277,0.53768,0.0331,0.0
Nasdaq 100,2011-01-01,1.99893,19,0.00124,0.03341,-0.21097,0.62153,0.03134,0.0
Nasdaq 100,2011-02-01,2.0085,19,0.00102,0.03306,-0.21312,0.678,0.04012,0.0
Nasdaq 100,2011-03-01,2.01797,19,0.00115,0.03407,-0.21375,0.63852,0.03299,0.0
Nasdaq 100,2011-04-01,2.02734,19,0.00108,0.03899,-0.21212,0.65223,0.01362,0.0
Nasdaq 100,2011-05-01,2.03662,19,0.00107,0.03839,-0.21187,0.64883,0.0131,0.0
Nasdaq 100,2011-06-01,2.04758,19,0.00112,0.03841,-0.2117,0.62673,0.011,0.0
Nasdaq 100,2011-07-01,2.05839,18,0.00017,0.03565,-0.19477,0.94271,0.02454,0.0
Nasdaq 100,2011-08-01,2.07041,17,7e-05,0.03355,-0.19423,0.97451,0.01702,0.0
Nasdaq 100,2011-09-01,2.08318,17,-2e-05,0.03275,-0.19263,0.993,0.01758,0.0
Nasdaq 100,2011-10-01,2.0957,16,5e-05,0.03306,-0.1994,0.98076,0.01538,0.0
Nasdaq 100,2011-11-01,2.10848,16,0.0003,0.03399,-0.19805,0.89209,0.01002,0.0
Nasdaq 100,2011-12-01,2.12109,16,0.00055,0.03369,-0.19559,0.80847,0.00861,0.0
Nasdaq 100,2012-01-01,2.13331,16,0.00037,0.03404,-0.19873,0.86446,0.01069,0.0
Nasdaq 100,2012-02-01,2.14486,15,0.00017,0.03421,-0.19978,0.93683,0.01264,0.0
Nasdaq 100,2012-03-01,2.15529,15,0.00018,0.03491,-0.19927,0.93299,0.01189,0.0
Nasdaq 100,2012-04-01,2.16522,14,0.0002,0.03408,-0.19846,0.92381,0.01519,0.0
Nasdaq 100,2012-05-01,2.17352,14,9e-05,0.0366,-0.19655,0.96661,0.00843,0.0
Nasdaq 100,2012-06-01,2.17974,14,0.00041,0.03628,-0.19519,0.84225,0.0075,0.0
Nasdaq 100,2012-07-01,2.1853,13,0.00013,0.03405,-0.19373,0.94772,0.01132,0.0
Nasdaq 100,2012-08-01,2.18824,12,8e-05,0.03503,-0.19381,0.97018,0.01002,0.0
Nasdaq 100,2012-09-01,2.18808,12,0.00019,0.03468,-0.19341,0.92622,0.01042,0.0
Nasdaq 100,2012-10-01,2.18706,11,0.00028,0.03285,-0.19659,0.88919,0.01584,0.0
Nasdaq 100,2012-11-01,2.18233,10,0.00037,0.03326,-0.19552,0.85547,0.01302,0.0
Nasdaq 100,2012-12-01,2.17335,10,0.00047,0.03328,-0.19532,0.81695,0.014,0.0
Nasdaq 100,2013-01-01,2.1595,10,0.00027,0.03214,-0.19391,0.89982,0.0159,0.0
Nasdaq 100,2013-02-01,2.14428,10,0.00057,0.03403,-0.19447,0.78422,0.01012,0.0
Nasdaq 100,2013-03-01,2.1234,10,0.00071,0.03445,-0.19392,0.73545,0.00881,0.0
Nasdaq 100,2013-04-01,2.10084,10,0.00071,0.03439,-0.1932,0.73431,0.00997,0.0
Nasdaq 100,2013-05-01,2.07166,9,0.00067,0.03819,-0.18734,0.74367,0.0049,0.0
Nasdaq 100,2013-06-01,2.03494,9,0.0015,0.03505,-0.19315,0.41963,0.00844,0.0
Nasdaq 100,2013-07-01,1.99567,9,0.00186,0.0354,-0.19221,0.31983,0.00735,0.0
Nasdaq 100,2013-08-01,1.95367,9,0.00175,0.03657,-0.19008,0.36843,0.00626,0.0
Nasdaq 100,2013-09-01,1.90878,9,0.00123,0.03791,-0.18918,0.54447,0.00504,0.0
Nasdaq 100,2013-10-01,1.86078,9,0.00094,0.03728,-0.18912,0.66671,0.00513,0.0
Nasdaq 100,2013-11-01,1.80944,9,0.00053,0.03819,-0.18829,0.82566,0.0044,0.0
Nasdaq 100,2013-12-01,1.75444,9,0.00078,0.03878,-0.18826,0.7522,0.00403,0.0
Nasdaq 100,2014-01-01,1.69545,9,0.00102,0.03988,-0.18674,0.69942,0.00355,0.0
Nasdaq 100,2014-02-01,1.63202,9,0.00026,0.03947,-0.19053,0.92999,0.00333,0.0
Nasdaq 100,2014-03-01,1.56361,9,0.00059,0.03907,-0.19097,0.85598,0.00351,0.0
Nasdaq 100,2014-04-01,1.48955,9,-0.0001,0.0378,-0.1899,0.97699,0.00389,0.0
Nasdaq 100,2014-05-01,1.40893,9,-0.00028,0.03737,-0.18999,0.94473,0.00396,0.0
Nasdaq 100,2014-06-01,1.32057,9,-0.00119,0.03478,-0.19094,0.79596,0.00912,0.0
Nasdaq 100,2014-07-01,1.22277,9,-0.00421,0.0328,-0.18894,0.36701,0.0156,0.0
Nasdaq 100,2014-08-01,1.11305,8,-0.00633,0.03554,-0.18545,0.19753,0.00772,0.0
Nasdaq 100,2014-09-01,1.01441,7,-0.00788,0.03694,-0.17945,0.14596,0.00596,0.0
Nasdaq 100,2014-10-01,0.91543,7,-0.01363,0.03364,-0.17652,0.00015,0.00777,0.0
Nasdaq 100,2014-11-01,0.80096,6,-0.01581,0.03552,-0.17734,0.0002,0.00692,0.0
Nasdaq 100,2014-12-01,0.68093,5,-0.02122,0.03456,-0.17162,0.00234,0.00917,0.0
Nasdaq 100,2015-01-01,0.61653,5,-0.01788,0.0322,-0.17142,0.019,0.01421,0.0
Nasdaq 100,2015-02-01,0.54239,4,-0.01629,0.03178,-0.16876,0.12144,0.01413,0.0
Nasdaq 100,2015-03-01,0.49835,3,-0.02043,0.03403,-0.16753,0.06678,0.01065,0.0
Nasdaq 100,2015-04-01,0.46096,3,-0.02661,0.03215,-0.16203,0.02468,0.01371,0.0
Nasdaq 100,2015-05-01,0.41905,3,-0.03509,0.0284,-0.15558,0.00988,0.02607,0.0
Nasdaq 100,2015-06-01,0.3711,3,-0.03364,0.02915,-0.15528,0.05294,0.01935,0.0
Nasdaq 100,2015-07-01,0.31436,3,-0.04625,0.02897,-0.14704,0.01944,0.02002,0.0
Nasdaq 100,2015-08-01,0.24274,3,-0.08095,0.0281,-0.12574,2e-05,0.03668,0.0
Nasdaq 100,2015-09-01,0.1342,2,-0.15856,0.0284,-0.12802,0.0,0.0365,0.0
Nasdaq 100,2015-10-01,0.09547,2,-0.15543,0.02783,-0.13123,0.0,0.04342,0.0
Nasdaq 100,2015-11-01,0.0,1,0.11834,0.02745,-0.13141,0.0,0.04432,0.0
Nasdaq 100,2015-12-01,0.02728,2,-0.05479,0.02549,-0.13215,0.00013,0.20776,0.0
Nasdaq 100,2016-01-01,0.03834,2,-0.16502,0.02782,-0.13075,9e-05,0.16258,0.0
Nasdaq 100,2016-02-01,0.04667,2,-0.13981,0.03608,-0.12874,0.0,0.04557,0.0
Nasdaq 100,2016-03-01,0.05356,2,-0.10498,0.03877,-0.12998,0.00066,0.02418,0.0
Nasdaq 100,2016-04-01,0.05951,2,-0.10414,0.03661,-0.1273,5e-05,0.03377,0.0
Nasdaq 100,2016-05-01,0.06477,2,-0.07793,0.04068,-0.12884,0.0327,0.0163,0.0
Nasdaq 100,2016-06-01,0.06951,2,-0.07781,0.04315,-0.12874,0.01563,0.01264,0.0
Nasdaq 100,2016-07-01,0.07383,2,-0.05174,0.04565,-0.13056,0.17072,0.00421,0.0
Nasdaq 100,2016-08-01,0.07779,2,-0.04223,0.04689,-0.12968,0.27186,0.00303,0.0
Nasdaq 100,2016-09-01,0.08145,2,-0.03336,0.05073,-0.12896,0.36214,0.00084,0.0
Nasdaq 100,2016-10-01,0.08484,2,-0.03261,0.05135,-0.12771,0.33698,0.00073,0.0
Nasdaq 100,2016-11-01,0.08801,2,-0.04971,0.04478,-0.12512,0.14701,0.00366,0.0
Nasdaq 100,2016-12-01,0.10145,3,-0.04205,0.04506,-0.12453,0.09742,0.00293,0.0
Nasdaq 100,2017-01-01,0.11298,3,-0.02771,0.04745,-0.1232,0.2342,0.00284,0.0
Nasdaq 100,2017-02-01,0.12316,3,-0.00951,0.04676,-0.12204,0.72153,0.00455,0.0
Nasdaq 100,2017-03-01,0.14455,4,-0.00561,0.04599,-0.12109,0.77536,0.00426,0.0
Nasdaq 100,2017-04-01,0.16267,4,-0.00142,0.04341,-0.12334,0.92711,0.00402,0.0
Nasdaq 100,2017-05-01,0.17852,4,0.00322,0.04024,-0.12146,0.80562,0.00914,0.0
Nasdaq 100,2017-06-01,0.20454,5,-0.0054,0.03708,-0.1213,0.63322,0.01373,0.0
Nasdaq 100,2017-07-01,0.22698,5,-0.00137,0.03912,-0.11964,0.874,0.01119,0.0
Nasdaq 100,2017-08-01,0.24681,5,0.00025,0.0342,-0.11896,0.97321,0.03723,0.0
Nasdaq 100,2017-09-01,0.26462,5,-0.00159,0.03643,-0.11597,0.81635,0.01652,0.0
Nasdaq 100,2017-10-01,0.28079,5,0.00393,0.04031,-0.11349,0.53197,0.00664,0.0
Nasdaq 100,2017-11-01,0.29559,5,0.00545,0.04137,-0.11256,0.37464,0.00632,0.0
Nasdaq 100,2017-12-01,0.31844,6,0.00263,0.04518,-0.11344,0.61878,0.00684,0.0
Nasdaq 100,2018-01-01,0.3391,6,0.01205,0.04919,-0.10958,0.14762,0.00546,0.0
Nasdaq 100,2018-02-01,0.35794,6,0.01109,0.04785,-0.11061,0.12534,0.00574,0.0
Nasdaq 100,2018-03-01,0.38445,7,0.00371,0.04989,-0.10965,0.62607,0.00535,0.0
Nasdaq 100,2018-04-01,0.40847,7,-0.00019,0.05106,-0.10748,0.9819,0.00526,0.0
Nasdaq 100,2018-05-01,0.4304,7,0.00234,0.05083,-0.10779,0.7295,0.00677,0.0
Nasdaq 100,2018-06-01,0.45952,8,0.0023,0.04965,-0.10757,0.69437,0.00801,0.0
Nasdaq 100,2018-07-01,0.486,8,0.00208,0.04925,-0.11222,0.68638,0.00653,0.0
Nasdaq 100,2018-08-01,0.51025,8,0.00484,0.04649,-0.11197,0.36408,0.03528,0.0
Nasdaq 100,2018-09-01,0.54121,9,0.00227,0.0438,-0.11069,0.61732,0.05817,0.0
Nasdaq 100,2018-10-01,0.56949,9,-5e-05,0.03789,-0.11379,0.99114,0.09163,0.0
Nasdaq 100,2018-11-01,0.59547,9,-0.00233,0.0359,-0.11285,0.6557,0.11215,0.0
Nasdaq 100,2018-12-01,0.62773,10,-0.0056,0.04364,-0.11778,0.34079,0.06066,0.0
Nasdaq 100,2019-01-01,0.6573,10,-0.00299,0.0415,-0.12013,0.55275,0.06325,0.0
Nasdaq 100,2019-02-01,0.68454,10,-0.0021,0.04156,-0.1199,0.65585,0.05992,0.0
Nasdaq 100,2019-03-01,0.70971,10,-0.00089,0.03927,-0.11999,0.85235,0.07605,0.0
Nasdaq 100,2019-04-01,0.73303,10,0.00057,0.03819,-0.12017,0.91121,0.08648,0.0
Nasdaq 100,2019-05-01,0.75466,10,-0.00179,0.03605,-0.12115,0.68187,0.1084,0.0
Nasdaq 100,2019-06-01,0.77476,10,-0.00047,0.02727,-0.12446,0.91454,0.21602,0.0
Nasdaq 100,2019-07-01,0.79344,10,0.00034,0.02839,-0.12457,0.93715,0.1992,0.0
Nasdaq 100,2019-08-01,0.80519,10,0.00051,0.02715,-0.12418,0.90298,0.18173,0.0
Nasdaq 100,2019-09-01,0.81152,10,-0.00027,0.02581,-0.12352,0.9466,0.20515,0.0
Nasdaq 100,2019-10-01,0.8137,10,-0.00078,0.02599,-0.12177,0.84207,0.20554,0.0
Nasdaq 100,2019-11-01,0.81549,10,-0.00073,0.02601,-0.12265,0.84891,0.20728,0.0
Nasdaq 100,2019-12-01,0.81687,10,-0.00026,0.02742,-0.12175,0.9468,0.18492,0.0
Nasdaq 100,2020-01-01,0.81786,10,0.00024,0.027,-0.11885,0.95357,0.19327,0.0
Nasdaq 100,2020-02-01,0.81845,10,0.00035,0.02484,-0.11556,0.9325,0.21774,0.0
Nasdaq 100,2020-03-01,0.81845,10,0.00115,0.03624,-0.11792,0.78678,0.05522,0.0
Nasdaq 100,2020-04-01,0.81845,10,0.0004,0.03061,-0.12574,0.92288,0.08492,0.0
Nasdaq 100,2020-05-01,0.81845,10,0.00063,0.02805,-0.12794,0.87852,0.12572,0.0
Nasdaq 100,2020-06-01,0.81845,10,-0.00059,0.03721,-0.12592,0.8885,0.05057,0.0
Nasdaq 100,2020-07-01,0.81845,10,-0.00094,0.03521,-0.12705,0.82645,0.07582,0.0
Nasdaq 100,2020-08-01,0.81845,10,-0.00221,0.03722,-0.12534,0.63698,0.0749,0.0
Nasdaq 100,2020-09-01,0.81845,10,-0.00091,0.03469,-0.12554,0.8388,0.08611,0.0
Nasdaq 100,2020-10-01,0.81845,10,-0.00061,0.03543,-0.12556,0.89181,0.0793,0.0
Nasdaq 100,2020-11-01,0.81845,10,-0.00055,0.03509,-0.12642,0.90267,0.08264,0.0
Nasdaq 100,2020-12-01,0.81845,10,-0.00104,0.03605,-0.12551,0.81688,0.08314,0.0
Nasdaq 100,2021-01-01,0.81845,10,-0.00139,0.03815,-0.12365,0.76046,0.06765,0.0
Nasdaq 100,2021-02-01,0.81845,10,-0.00085,0.03446,-0.1223,0.85236,0.08994,0.0
Nasdaq 100,2021-03-01,0.81845,10,-0.00097,0.02603,-0.11898,0.83126,0.22341,0.0
Nasdaq 100,2021-04-01,0.81845,10,-0.00173,0.02618,-0.11922,0.70062,0.22783,0.0
Nasdaq 100,2021-05-01,0.81845,10,-0.00104,0.02748,-0.11821,0.81879,0.19929,0.0
Nasdaq 100,2021-06-01,0.81845,10,-0.00144,0.02533,-0.11871,0.74888,0.24392,0.0
Nasdaq 100,2021-07-01,0.81845,10,-0.00132,0.02335,-0.12086,0.7699,0.28087,0.0
Nasdaq 100,2021-08-01,0.81845,10,-0.00158,0.02258,-0.12158,0.7276,0.30355,0.0
Nasdaq 100,2021-09-01,0.81845,10,-0.00095,0.02031,-0.12467,0.83191,0.35417,0.0
Nasdaq 100,2021-10-01,0.81845,10,-0.00112,0.02062,-0.12541,0.80366,0.35293,0.0
Nasdaq 100,2021-11-01,0.81845,10,-0.00187,0.02086,-0.11933,0.68632,0.35426,0.0
Nasdaq 100,2021-12-01,0.81845,10,-0.00106,0.02456,-0.11493,0.81757,0.27204,0.0
Nasdaq 100,2022-01-01,0.81845,10,-0.00072,0.01251,-0.11968,0.87956,0.58977,0.0
Nasdaq 100,2022-02-01,0.81845,10,-0.00027,0.00979,-0.12148,0.95503,0.67758,0.0
Nasdaq 100,2022-03-01,0.81621,10,-0.00049,0.00856,-0.11952,0.91989,0.71864,0.0
Nasdaq 100,2022-04-01,0.81395,10,-0.00055,-0.01535,-0.12781,0.91233,0.62295,0.0
Nasdaq 100,2022-05-01,0.80985,10,-0.00071,-0.01896,-0.12538,0.88858,0.56718,0.0
Nasdaq 100,2022-06-01,0.80972,10,-0.00229,-0.02788,-0.12636,0.66132,0.4374,0.0
Nasdaq 100,2022-07-01,0.82125,10,-0.00112,-0.03302,-0.13136,0.8273,0.36977,0.0
Nasdaq 100,2022-08-01,0.83174,10,-0.00163,-0.03194,-0.13611,0.74679,0.38056,0.0
Nasdaq 100,2022-09-01,0.8601,11,-0.00529,-0.04799,-0.13845,0.29136,0.16242,0.0
Nasdaq 100,2022-10-01,0.8861,11,-0.00399,-0.04293,-0.13846,0.37454,0.169,0.0
Nasdaq 100,2022-11-01,0.9339,12,-0.00329,-0.04356,-0.13928,0.42624,0.16585,0.0
Nasdaq 100,2022-12-01,0.99833,13,-0.00728,-0.0371,-0.13957,0.09841,0.24079,0.0
Nasdaq 100,2023-01-01,1.05668,13,-0.00477,-0.0424,-0.14003,0.2212,0.17308,0.0
Nasdaq 100,2023-02-01,1.11882,14,-0.00464,-0.046,-0.13959,0.19064,0.13857,0.0
Nasdaq 100,2023-03-01,1.18439,15,-0.00232,-0.04696,-0.14114,0.5731,0.13066,0.0
Nasdaq 100,2023-04-01,1.24419,15,-0.00353,-0.04696,-0.13934,0.31065,0.13238,0.0
Nasdaq 100,2023-05-01,1.3074,16,-0.00084,-0.0424,-0.13689,0.8271,0.18351,0.0
Nasdaq 100,2023-06-01,1.36533,16,-0.00059,-0.04321,-0.13726,0.87359,0.17531,0.0
Nasdaq 100,2023-07-01,1.42659,17,0.00021,-0.04121,-0.13664,0.95204,0.19845,0.0
Nasdaq 100,2023-08-01,1.48292,17,-0.00019,-0.043,-0.13696,0.95174,0.16452,0.0
Nasdaq 100,2023-09-01,1.53484,17,-0.00058,-0.04423,-0.13802,0.8469,0.14521,0.0
Nasdaq 100,2023-10-01,1.5828,17,-0.00071,-0.04554,-0.13848,0.80888,0.11798,0.0
Nasdaq 100,2023-11-01,1.62715,17,-0.00045,-0.0448,-0.14177,0.86875,0.13037,0.0
Nasdaq 100,2023-12-01,1.67048,17,-0.00017,-0.04813,-0.1417,0.94731,0.09247,0.0
Nasdaq 100,2024-01-01,1.71083,17,0.00026,-0.04778,-0.14063,0.91427,0.09552,0.0
Nasdaq 100,2024-02-01,1.7484,16,0.00088,-0.04616,-0.14151,0.71371,0.10284,0.0
Nasdaq 100,2024-03-01,1.78539,16,0.00075,-0.04613,-0.14148,0.74746,0.10319,0.0
Nasdaq 100,2024-04-01,1.82003,16,0.00041,-0.04864,-0.14253,0.85666,0.07814,0.0
Nasdaq 100,2024-05-01,1.85245,16,0.00063,-0.04881,-0.14283,0.77188,0.07546,0.0
Nasdaq 100,2024-06-01,1.88455,16,0.00083,-0.05158,-0.14226,0.68997,0.06046,0.0
Nasdaq 100,2024-07-01,1.91475,16,0.0009,-0.05217,-0.14184,0.65767,0.05737,0.0
Nasdaq 100,2024-08-01,1.94315,16,0.00053,-0.04824,-0.14161,0.79339,0.07153,0.0
Nasdaq 100,2024-09-01,1.96103,16,0.00054,-0.0491,-0.14193,0.7863,0.06615,0.0
Nasdaq 100,2024-10-01,1.97772,16,0.00102,-0.04726,-0.14033,0.60461,0.07192,0.0
Nasdaq 100,2024-11-01,1.98962,15,0.00088,-0.04923,-0.13759,0.65774,0.05445,0.0
Nasdaq 100,2024-12-01,1.99906,15,0.00098,-0.04919,-0.13667,0.61868,0.05662,0.0
