asset,shock,coef,se,p
Luxury,MP_ECB,-0.46284853117361513,0.3492188047910817,0.18504428162529296
Luxury,CBI_ECB,0.9960768475051055,0.3756295627963641,0.008007507903455734
Luxury,MP_Fed,-1.0011965958138362,0.3855908354177335,0.009417180223183422
Luxury,CBI_Fed,0.39495567289945877,0.32900891180306946,0.2299682483862282
Finance,MP_ECB,-1.2469385499562187,0.7786527956491233,0.10928722620594392
Finance,CBI_ECB,1.526925254004207,0.7182648481949562,0.033515527850320456
Finance,MP_Fed,-0.25276198240567666,0.48805680753300046,0.6045318137259373
Finance,CBI_Fed,1.6401406417897837,0.6058423848575516,0.00678519702296373
Industry,MP_ECB,-0.9004845347024408,0.4799770067582412,0.06064164343204373
Industry,CBI_ECB,1.113416801596589,0.40741098696766603,0.006277783873203153
Industry,MP_Fed,0.03385141020295747,0.43341378841404543,0.93774521585825
Industry,CBI_Fed,0.5305272075082051,0.39342139752543265,0.17749888408212167
Technology,MP_ECB,-0.539840181292335,0.5042357217738896,0.2843444904778819
Technology,CBI_ECB,1.436241909478677,0.5672431185607233,0.011342406538365227
Technology,MP_Fed,-1.736164702860388,0.4535976633260641,0.000129428614091459
Technology,CBI_Fed,0.9478114682280611,0.5893256869048822,0.10776987476313846
Health,MP_ECB,-0.6693374563035013,0.30222762402027104,0.026782040684485118
Health,CBI_ECB,0.3790785248293204,0.3210532642364419,0.23770838559086183
Health,MP_Fed,-0.025006128280164266,0.2912542114266277,0.9315803250362978
Health,CBI_Fed,-0.02266297169178464,0.3162783292906479,0.9428763480576157
Energy,MP_ECB,-1.1976854496722247,0.431503692709732,0.005509845943596472
Energy,CBI_ECB,1.1511144748369575,0.3742353452622794,0.0020986074009444276
Energy,MP_Fed,-0.22205938607548356,0.39128162759040597,0.5703622672244891
Energy,CBI_Fed,0.18107987544495835,0.40043468396911935,0.6511189514315282
Consumer,MP_ECB,-0.5199753128346822,0.2995226909335435,0.08256151968597339
Consumer,CBI_ECB,0.3533593789604898,0.3419267607475401,0.30139996808314673
Consumer,MP_Fed,-0.09919225371333881,0.24088063324565756,0.6804932975978653
Consumer,CBI_Fed,0.31393696862381887,0.22484570059805692,0.1626443670119303
Autos,MP_ECB,-1.2561024148073556,0.5820095280195542,0.030911023393259508
Autos,CBI_ECB,1.4360834378057226,0.6846306492229189,0.03594021255230491
Autos,MP_Fed,-0.5423346453475844,0.5315304452781672,0.30757359791240957
Autos,CBI_Fed,2.2231262636174107,0.672889870894019,0.0009536731722701249
Telecom,MP_ECB,-0.5594389450221409,0.4461441452586124,0.20986303613759905
Telecom,CBI_ECB,1.2250726863887484,0.5217405250483473,0.018872002658431284
Telecom,MP_Fed,-0.8438111429763835,0.35716083848564745,0.01814958272520297
Telecom,CBI_Fed,0.5421068457783709,0.5272611211815754,0.3038763088773564
BNP Paribas,MP_ECB,-1.6419197131464982,0.8264562998803384,0.04695578838914609
BNP Paribas,CBI_ECB,1.4185535150588406,0.6926070334626107,0.040546658923752345
BNP Paribas,MP_Fed,0.35837708649175304,0.7569317422579862,0.6358848589304598
BNP Paribas,CBI_Fed,1.8547949638154775,0.6255991193743677,0.003028503495838242
LVMH,MP_ECB,-0.6172398209551674,0.49310491118265326,0.2106641173349908
LVMH,CBI_ECB,1.3067438655248724,0.4796786825143934,0.0064456158600210475
LVMH,MP_Fed,-1.2162977959393224,0.4100924395930233,0.0030178752547869547
LVMH,CBI_Fed,0.3622871740565091,0.35432256833176606,0.306554529000173
Microsoft,MP_ECB,0.379326289019724,0.5027756083837093,0.45057042456633556
Microsoft,CBI_ECB,1.2950162963235583,0.4068188844813933,0.001456193482204063
Microsoft,MP_Fed,-1.443034649246408,0.7269704024382215,0.04714471630590787
Microsoft,CBI_Fed,0.7812966550705839,0.5512922817951967,0.15642168719475041
Apple,MP_ECB,0.2809996869024797,0.93981806209766,0.7649448466475499
Apple,CBI_ECB,0.631200986437789,0.695934839955509,0.36441584985809783
Apple,MP_Fed,-1.6397798752021666,0.9353030940266487,0.07956649225035425
Apple,CBI_Fed,0.8372194808362053,0.6067044635615128,0.16760322965728713
