index,sample,N,R2,MP_ECB,CBI_ECB,MP_Fed,CBI_Fed
CAC 40,2000-2024,297,0.101,-0.69**,+1.09***,-0.53**,+0.60**
CAC 40,before 2008,101,0.069,-0.57,+1.09**,-0.48,+0.21
CAC 40,2008-2019,138,0.117,-0.47,+1.02*,-0.29,+1.13**
CAC 40,after COVID,58,0.18,-1.47**,+0.87,-0.90,+0.67
S&P 500,2000-2024,297,0.087,-0.40,+0.61**,-0.83***,+0.50*
S&P 500,before 2008,101,0.088,-0.20,+0.16,-0.87***,+0.00
S&P 500,2008-2019,138,0.124,-0.20,+0.77*,-0.39,+1.29**
S&P 500,after COVID,58,0.126,-1.17*,+0.47,-1.26*,+0.24
Nasdaq 100,2000-2024,297,0.082,-0.22,+0.76**,-1.53***,+0.55
Nasdaq 100,before 2008,101,0.096,+0.59,+0.21,-1.93***,+0.26
Nasdaq 100,2008-2019,138,0.096,-0.47,+0.72,-0.66,+1.15*
Nasdaq 100,after COVID,58,0.105,-0.72,+0.93,-1.66*,+0.12
